from,to,weight
ezfvh1yd,vnnwzoon,4
ezfvh1yd,ohv0c981,5
ezfvh1yd,gauukniy,5
ezfvh1yd,8qkm4op5,3
ezfvh1yd,b8h8uy0d,1
gauukniy,b98i0q0c,1
gauukniy,zan8z6cj,2
gauukniy,b98i0q0c,1
gauukniy,ohv0c981,5
gauukniy,ezfvh1yd,5
8qkm4op5,ezfvh1yd,3
8qkm4op5,b98i0q0c,1
8qkm4op5,zhncnrqh,1
8qkm4op5,ywj7r6yv,1
zan8z6cj,2gm2vp7w,7
zan8z6cj,qtd4nwnf,1
zan8z6cj,gauukniy,2
zan8z6cj,fyzi3ukn,1
zan8z6cj,cl6iwdzj,1
zan8z6cj,ky74qsy5,2
zan8z6cj,ttgp5d1q,1
zan8z6cj,gcfrvnrq,1
zan8z6cj,b98i0q0c,1
zan8z6cj,b98i0q0c,1
f3m5xl4b,we8zkaxp,3
f3m5xl4b,2gm2vp7w,1
f3m5xl4b,cl6iwdzj,1
f3m5xl4b,469aazzl,1
zcuavqv2,li1ct8kz,1
zcuavqv2,ezfvh1yd,1
zcuavqv2,pv34xizl,1
zcuavqv2,9njhgqjt,1
zcuavqv2,lvtt31qo,1
zcuavqv2,tpx46qea,1
zcuavqv2,ctvn5bcc,1
zcuavqv2,isrmkgxn,1
zcuavqv2,gcfrvnrq,1
zcuavqv2,w76lz2ap,1
ky74qsy5,8qy1knb8,1
ky74qsy5,hdlqwv5w,1
ky74qsy5,e1h602xs,1
ky74qsy5,zan8z6cj,2
ky74qsy5,ttgp5d1q,1
ky74qsy5,zcuavqv2,1
ohv0c981,ezfvh1yd,4
ohv0c981,ywj7r6yv,1
ohv0c981,gauukniy,4
ohv0c981,zcuavqv2,1
ohv0c981,lvtt31qo,1
ohv0c981,cg5akdum,3
ohv0c981,gcfrvnrq,1
ohv0c981,vnnwzoon,1
ohv0c981,b98i0q0c,1
ohv0c981,hdlqwv5w,1
2gm2vp7w,zan8z6cj,7
2gm2vp7w,ny7i65xf,1
2gm2vp7w,js5eao29,1
2gm2vp7w,we8zkaxp,1
2gm2vp7w,cl6iwdzj,1
2gm2vp7w,hdlqwv5w,1
2gm2vp7w,39grl1tb,1
zhncnrqh,9njhgqjt,1
zhncnrqh,isrmkgxn,1
zhncnrqh,b8h8uy0d,1
zhncnrqh,ctvn5bcc,1
zhncnrqh,wp4300ik,1
zhncnrqh,ezfvh1yd,1
zhncnrqh,wz29onlw,1
zhncnrqh,qtd4nwnf,1
zhncnrqh,8qkm4op5,1
zhncnrqh,ohv0c981,1
6mf4wd2z,tpx46qea,1
6mf4wd2z,u6iy9n7v,1
6mf4wd2z,8qy1knb8,1
6mf4wd2z,9njhgqjt,1
qtd4nwnf,9g3466ce,1
qtd4nwnf,cl6iwdzj,1
qtd4nwnf,9njhgqjt,1
qtd4nwnf,b8h8uy0d,2
qtd4nwnf,7k9j75ig,1
qtd4nwnf,ywj7r6yv,1
qtd4nwnf,5y5w27n8,1
qtd4nwnf,zhncnrqh,1
qtd4nwnf,guoa029e,1
qtd4nwnf,hdlqwv5w,1
u6iy9n7v,ny7i65xf,1
u6iy9n7v,cl6iwdzj,1
u6iy9n7v,2gm2vp7w,1
u6iy9n7v,23mbj83y,1
u6iy9n7v,hdlqwv5w,1
u6iy9n7v,39grl1tb,1
u6iy9n7v,ttgp5d1q,1
zo8vfvom,pv34xizl,2
zo8vfvom,b98i0q0c,1
zo8vfvom,rmdv0zae,1
zo8vfvom,gcfrvnrq,1
zo8vfvom,cg5akdum,2
cg5akdum,ohv0c981,4
cg5akdum,gcfrvnrq,1
cg5akdum,5y5w27n8,1
o42b386c,ywj7r6yv,1
o42b386c,guoa029e,1
o42b386c,469aazzl,1
o42b386c,dlpw2qhs,1
o42b386c,cg5akdum,1
o42b386c,cl6iwdzj,1
o42b386c,ttgp5d1q,1
o42b386c,ohv0c981,1
yyx7zv50,hdlqwv5w,1
yyx7zv50,zan8z6cj,1
yyx7zv50,ctvn5bcc,1
yyx7zv50,7k9j75ig,1
yyx7zv50,li1ct8kz,1
yyx7zv50,u6iy9n7v,1
yyx7zv50,2gm2vp7w,1
yyx7zv50,pv34xizl,1
yyx7zv50,gcfrvnrq,1
yyx7zv50,5y5w27n8,1
e442rd3v,ttgp5d1q,1
e442rd3v,b98i0q0c,1
e442rd3v,dlpw2qhs,1
e442rd3v,pv34xizl,1
5y5w27n8,cg5akdum,1
5y5w27n8,b98i0q0c,1
5y5w27n8,ny7i65xf,1
5y5w27n8,2gm2vp7w,1
5y5w27n8,yyx7zv50,1
5y5w27n8,wo215i77,1
5y5w27n8,hdlqwv5w,1
5y5w27n8,469aazzl,1
5y5w27n8,9g3466ce,1
7k9j75ig,fyzi3ukn,1
7k9j75ig,b98i0q0c,1
7k9j75ig,n6ki8v6d,1
7k9j75ig,qtd4nwnf,1
7k9j75ig,8qkm4op5,1
7k9j75ig,2gm2vp7w,1
7k9j75ig,b8h8uy0d,1
7k9j75ig,hdlqwv5w,1
7k9j75ig,0ty8p249,1
7k9j75ig,rmdv0zae,1
cl6iwdzj,39grl1tb,1
cl6iwdzj,wo215i77,1
cl6iwdzj,m36p5uu7,1
cl6iwdzj,guoa029e,1
cl6iwdzj,tpx46qea,1
cl6iwdzj,5y5w27n8,1
cl6iwdzj,b98i0q0c,1
cl6iwdzj,2gm2vp7w,1
cl6iwdzj,cl6iwdzj,1
8qy1knb8,hdlqwv5w,1
8qy1knb8,wo215i77,1
8qy1knb8,kffjpkwm,1
8qy1knb8,ohv0c981,1
8qy1knb8,5y5w27n8,1
8qy1knb8,6mf4wd2z,1
469aazzl,ywj7r6yv,1
469aazzl,guoa029e,1
469aazzl,dlpw2qhs,1
469aazzl,o42b386c,1
469aazzl,lvtt31qo,1
ctvn5bcc,b8h8uy0d,1
ctvn5bcc,zhncnrqh,1
ctvn5bcc,cg5akdum,1
ctvn5bcc,guoa029e,1
ctvn5bcc,ezfvh1yd,1
ctvn5bcc,9g3466ce,1
ctvn5bcc,8qkm4op5,1
ctvn5bcc,zcuavqv2,1
wp4300ik,vnnwzoon,1
wp4300ik,gcfrvnrq,1
wp4300ik,gcfrvnrq,1
wp4300ik,b98i0q0c,1
wp4300ik,n6ki8v6d,1
wp4300ik,cl6iwdzj,1
wp4300ik,zhncnrqh,1
wp4300ik,9g3466ce,1
e1h602xs,2gm2vp7w,1
e1h602xs,ny7i65xf,1
e1h602xs,we8zkaxp,1
e1h602xs,8qy1knb8,1
e1h602xs,wo215i77,1
e1h602xs,ky74qsy5,1
39grl1tb,ttgp5d1q,1
39grl1tb,ky74qsy5,1
39grl1tb,guoa029e,1
39grl1tb,2gm2vp7w,1
39grl1tb,cl6iwdzj,1
39grl1tb,hdlqwv5w,1
39grl1tb,o42b386c,1
39grl1tb,299wzuz4,1
39grl1tb,m36p5uu7,1
39grl1tb,zcuavqv2,1
wo215i77,ny7i65xf,1
wo215i77,cl6iwdzj,1
wo215i77,b8h8uy0d,2
wo215i77,ezfvh1yd,1
wo215i77,vnnwzoon,1
wo215i77,cg5akdum,1
wo215i77,w76lz2ap,1
wo215i77,8qy1knb8,1
wo215i77,yyx7zv50,1
wo215i77,f3m5xl4b,1
23mbj83y,299wzuz4,1
23mbj83y,tpx46qea,1
23mbj83y,gcfrvnrq,1
23mbj83y,ezfvh1yd,1
23mbj83y,2gm2vp7w,1
23mbj83y,dlpw2qhs,1
23mbj83y,6mf4wd2z,1
23mbj83y,ky74qsy5,1
23mbj83y,guoa029e,1
23mbj83y,8qkm4op5,1
gcfrvnrq,b98i0q0c,1
gcfrvnrq,pv34xizl,1
gcfrvnrq,vnnwzoon,1
gcfrvnrq,noos3nra,1
gcfrvnrq,gauukniy,1
gcfrvnrq,23mbj83y,1
gcfrvnrq,wo215i77,1
gcfrvnrq,hdlqwv5w,1
gcfrvnrq,ezfvh1yd,1
gcfrvnrq,zcuavqv2,1
fyzi3ukn,we8zkaxp,1
fyzi3ukn,7k9j75ig,1
fyzi3ukn,li1ct8kz,3
fyzi3ukn,pv34xizl,1
fyzi3ukn,zo8vfvom,1
fyzi3ukn,2gm2vp7w,1
fyzi3ukn,ttgp5d1q,1
fyzi3ukn,rsqgxgj7,1
fyzi3ukn,hdlqwv5w,1
fyzi3ukn,469aazzl,1
hdlqwv5w,8qy1knb8,1
hdlqwv5w,yyx7zv50,1
hdlqwv5w,zan8z6cj,1
hdlqwv5w,js5eao29,1
hdlqwv5w,2gm2vp7w,1
hdlqwv5w,39grl1tb,1
hdlqwv5w,xxkx1e1g,1
w76lz2ap,li1ct8kz,1
w76lz2ap,299wzuz4,1
w76lz2ap,n6ki8v6d,1
w76lz2ap,zcuavqv2,1
w76lz2ap,9g3466ce,1
w76lz2ap,cl6iwdzj,1
w76lz2ap,vnnwzoon,1
w76lz2ap,b98i0q0c,1
w76lz2ap,469aazzl,1
w76lz2ap,e1h602xs,1
guoa029e,ctvn5bcc,1
guoa029e,xxkx1e1g,1
guoa029e,pv34xizl,1
guoa029e,m36p5uu7,1
guoa029e,zo8vfvom,1
kffjpkwm,8qy1knb8,1
kffjpkwm,299wzuz4,1
kffjpkwm,zcuavqv2,1
kffjpkwm,yyx7zv50,1
kffjpkwm,2gm2vp7w,1
kffjpkwm,e1h602xs,1
kffjpkwm,xxkx1e1g,1
0ty8p249,ohv0c981,4
0ty8p249,cg5akdum,4
0ty8p249,f3m5xl4b,4
0ty8p249,9njhgqjt,4
0ty8p249,we8zkaxp,1
0ty8p249,7k9j75ig,1
0ty8p249,isrmkgxn,1
0ty8p249,ywj7r6yv,1
0ty8p249,gcfrvnrq,1
0ty8p249,vnnwzoon,1
9g3466ce,qtd4nwnf,1
9g3466ce,cl6iwdzj,1
9g3466ce,299wzuz4,1
9g3466ce,ezfvh1yd,1
9g3466ce,b98i0q0c,1
9g3466ce,vnnwzoon,1
9g3466ce,gauukniy,1
9g3466ce,zan8z6cj,1
9g3466ce,rmdv0zae,1
rsqgxgj7,guoa029e,1
rsqgxgj7,9g3466ce,1
rsqgxgj7,fyzi3ukn,1
rsqgxgj7,7k9j75ig,1
rsqgxgj7,cl6iwdzj,1
rsqgxgj7,zan8z6cj,1
n6ki8v6d,7k9j75ig,1
n6ki8v6d,noos3nra,1
n6ki8v6d,rmdv0zae,1
n6ki8v6d,w76lz2ap,1
n6ki8v6d,ezfvh1yd,1
ny7i65xf,5y5w27n8,1
ny7i65xf,2gm2vp7w,1
ny7i65xf,u6iy9n7v,1
ny7i65xf,e1h602xs,1
ny7i65xf,wo215i77,1
ny7i65xf,we8zkaxp,1
ny7i65xf,cg5akdum,1
ny7i65xf,469aazzl,1
299wzuz4,w76lz2ap,1
299wzuz4,js5eao29,1
299wzuz4,9g3466ce,1
299wzuz4,zcuavqv2,1
299wzuz4,23mbj83y,1
299wzuz4,ohv0c981,1
299wzuz4,lvtt31qo,1
we8zkaxp,fyzi3ukn,1
we8zkaxp,gcfrvnrq,1
we8zkaxp,m36p5uu7,1
we8zkaxp,ky74qsy5,1
we8zkaxp,e1h602xs,1
we8zkaxp,zo8vfvom,1
we8zkaxp,pv34xizl,1
lvtt31qo,6mf4wd2z,1
lvtt31qo,zcuavqv2,1
lvtt31qo,ywj7r6yv,1
lvtt31qo,o42b386c,1
lvtt31qo,guoa029e,1
lvtt31qo,dlpw2qhs,1
ywj7r6yv,o42b386c,1
ywj7r6yv,guoa029e,1
ywj7r6yv,469aazzl,1
ywj7r6yv,8qkm4op5,1
rmdv0zae,wo215i77,1
rmdv0zae,n6ki8v6d,1
rmdv0zae,gcfrvnrq,1
rmdv0zae,guoa029e,1
rmdv0zae,vnnwzoon,1
rmdv0zae,m36p5uu7,1
rmdv0zae,qtd4nwnf,1
rmdv0zae,b8h8uy0d,1
rmdv0zae,9g3466ce,1
rmdv0zae,7k9j75ig,1
xxkx1e1g,kffjpkwm,1
xxkx1e1g,9g3466ce,1
xxkx1e1g,qtd4nwnf,1
xxkx1e1g,cl6iwdzj,1
xxkx1e1g,w76lz2ap,1
xxkx1e1g,hdlqwv5w,1
xxkx1e1g,8qy1knb8,1
ttgp5d1q,gcfrvnrq,3
ttgp5d1q,tpx46qea,1
ttgp5d1q,u6iy9n7v,1
ttgp5d1q,zan8z6cj,1
ttgp5d1q,39grl1tb,1
ttgp5d1q,o42b386c,1
ttgp5d1q,ky74qsy5,1
ttgp5d1q,hdlqwv5w,1
ttgp5d1q,zo8vfvom,1
ttgp5d1q,ywj7r6yv,1
b98i0q0c,9njhgqjt,1
b98i0q0c,gauukniy,1
b98i0q0c,b8h8uy0d,1
b98i0q0c,wz29onlw,1
b98i0q0c,ohv0c981,1
b98i0q0c,8qkm4op5,1
b98i0q0c,zo8vfvom,1
b98i0q0c,9g3466ce,1
b98i0q0c,wp4300ik,1
b98i0q0c,zcuavqv2,1
b8h8uy0d,ctvn5bcc,1
b8h8uy0d,9njhgqjt,1
b8h8uy0d,isrmkgxn,1
b8h8uy0d,ezfvh1yd,1
b8h8uy0d,ezfvh1yd,1
b8h8uy0d,b98i0q0c,1
b8h8uy0d,qtd4nwnf,2
pv34xizl,ezfvh1yd,1
pv34xizl,zo8vfvom,1
pv34xizl,rmdv0zae,1
pv34xizl,gcfrvnrq,1
pv34xizl,vnnwzoon,1
pv34xizl,guoa029e,1
pv34xizl,hdlqwv5w,1
pv34xizl,8qkm4op5,1
noos3nra,ttgp5d1q,4
dlpw2qhs,o42b386c,1
dlpw2qhs,ywj7r6yv,1
dlpw2qhs,469aazzl,1
dlpw2qhs,tpx46qea,1
dlpw2qhs,yyx7zv50,1
dlpw2qhs,6mf4wd2z,1
dlpw2qhs,5y5w27n8,1
dlpw2qhs,b98i0q0c,1
dlpw2qhs,lvtt31qo,1
tpx46qea,m36p5uu7,1
tpx46qea,ttgp5d1q,1
tpx46qea,23mbj83y,1
tpx46qea,cl6iwdzj,1
tpx46qea,299wzuz4,1
li1ct8kz,w76lz2ap,1
li1ct8kz,zcuavqv2,1
li1ct8kz,n6ki8v6d,1
li1ct8kz,m36p5uu7,1
li1ct8kz,cl6iwdzj,1
li1ct8kz,fyzi3ukn,2
li1ct8kz,8qkm4op5,1
li1ct8kz,gcfrvnrq,1
9njhgqjt,isrmkgxn,1
9njhgqjt,b8h8uy0d,1
9njhgqjt,ctvn5bcc,1
9njhgqjt,ezfvh1yd,1
9njhgqjt,ezfvh1yd,1
9njhgqjt,ohv0c981,1
9njhgqjt,zhncnrqh,1
9njhgqjt,b98i0q0c,1
wz29onlw,n6ki8v6d,1
wz29onlw,gcfrvnrq,1
wz29onlw,ezfvh1yd,1
wz29onlw,pv34xizl,1
wz29onlw,tpx46qea,1
wz29onlw,299wzuz4,1
wz29onlw,zhncnrqh,1
wz29onlw,w76lz2ap,1
wz29onlw,ctvn5bcc,1
wz29onlw,m36p5uu7,1
y68rafkq,9g3466ce,1
y68rafkq,b98i0q0c,1
y68rafkq,qtd4nwnf,1
y68rafkq,9njhgqjt,1
y68rafkq,b8h8uy0d,1
y68rafkq,we8zkaxp,1
y68rafkq,isrmkgxn,1
y68rafkq,zo8vfvom,1
y68rafkq,n6ki8v6d,1
y68rafkq,lvtt31qo,1
m36p5uu7,tpx46qea,1
m36p5uu7,rmdv0zae,1
m36p5uu7,guoa029e,1
m36p5uu7,cl6iwdzj,1
m36p5uu7,gcfrvnrq,1
m36p5uu7,ttgp5d1q,1
m36p5uu7,zo8vfvom,1
m36p5uu7,o42b386c,1
m36p5uu7,wz29onlw,1
m36p5uu7,pv34xizl,1
vnnwzoon,ezfvh1yd,4
vnnwzoon,gcfrvnrq,1
vnnwzoon,9g3466ce,1
vnnwzoon,b98i0q0c,1
vnnwzoon,pv34xizl,1
vnnwzoon,ohv0c981,1
vnnwzoon,w76lz2ap,1
vnnwzoon,9njhgqjt,1
vnnwzoon,n6ki8v6d,1
vnnwzoon,gcfrvnrq,1
isrmkgxn,9njhgqjt,1
isrmkgxn,b8h8uy0d,1
isrmkgxn,zhncnrqh,1
isrmkgxn,ezfvh1yd,1
isrmkgxn,wo215i77,1
isrmkgxn,qtd4nwnf,1
isrmkgxn,ctvn5bcc,1
isrmkgxn,cl6iwdzj,1
isrmkgxn,ezfvh1yd,1
isrmkgxn,we8zkaxp,1
js5eao29,299wzuz4,1
js5eao29,wo215i77,1
js5eao29,0ty8p249,1
js5eao29,39grl1tb,1
nxb120ab,pv34xizl,1
nxb120ab,9njhgqjt,1
nxb120ab,isrmkgxn,1
nxb120ab,ywj7r6yv,1
nxb120ab,wz29onlw,1
nxb120ab,ezfvh1yd,1
nxb120ab,guoa029e,1
nxb120ab,b98i0q0c,1
nxb120ab,o42b386c,1
nxb120ab,469aazzl,1
