from,to,weight
fake0,tpx46qea,4
NA,NA,NA
fake,NA,NA
ny7i65xf,39grl1tb,1
0ty8p249,we8zkaxp,1
wo215i77,0ty8p249,1
NA,NA,NA
we8zkaxp,xxkx1e1g,1
8qy1knb8,gcfrvnrq,1
469aazzl,guoa029e,1
vnnwzoon,y68rafkq,1
kffjpkwm,we8zkaxp,1
y68rafkq,m36p5uu7,1
cg5akdum,5y5w27n8,1
39grl1tb,xxkx1e1g,1
cl6iwdzj,39grl1tb,1
fyzi3ukn,lvtt31qo,1
lvtt31qo,fyzi3ukn,1
yyx7zv50,39grl1tb,1
e1h602xs,39grl1tb,2
guoa029e,m36p5uu7,1
xxkx1e1g,39grl1tb,1
ezfvh1yd,5y5w27n8,1
zan8z6cj,b98i0q0c,1
isrmkgxn,qtd4nwnf,1
9g3466ce,vnnwzoon,1
ctvn5bcc,299wzuz4,1
b98i0q0c,NA,NA
NA,NA,NA
rmdv0zae,e442rd3v,1
5y5w27n8,cg5akdum,1
b98i0q0c,NA,NA
e442rd3v,299wzuz4,1
gcfrvnrq,NA,NA
9njhgqjt,isrmkgxn,1
b8h8uy0d,9njhgqjt,1
8qkm4op5,m36p5uu7,1
NA,NA,NA
qtd4nwnf,m36p5uu7,1
tpx46qea,NA,1
js5eao29,ttgp5d1q,1
pv34xizl,w76lz2ap,1
zo8vfvom,guoa029e,1
nxb120ab,o42b386c,1
ywj7r6yv,zo8vfvom,1
ky74qsy5,u6iy9n7v,1
u6iy9n7v,rsqgxgj7,1
ttgp5d1q,js5eao29,1
rsqgxgj7,u6iy9n7v,1
23mbj83y,u6iy9n7v,1
100,23mbj83y,1
w76lz2ap,ttgp5d1q,1
fake0,zo8vfvom,6
NA,NA,NA
fake,NA,NA
ny7i65xf,yyx7zv50,1
0ty8p249,wo215i77,1
wo215i77,kffjpkwm,1
NA,NA,NA
we8zkaxp,kffjpkwm,1
8qy1knb8,xxkx1e1g,1
469aazzl,8qy1knb8,1
vnnwzoon,9g3466ce,1
kffjpkwm,xxkx1e1g,1
y68rafkq,isrmkgxn,1
cg5akdum,ezfvh1yd,1
39grl1tb,yyx7zv50,1
cl6iwdzj,wo215i77,1
fyzi3ukn,b98i0q0c,1
lvtt31qo,b98i0q0c,1
yyx7zv50,xxkx1e1g,1
e1h602xs,yyx7zv50,1
guoa029e,xxkx1e1g,1
xxkx1e1g,guoa029e,1
ezfvh1yd,cg5akdum,1
zan8z6cj,299wzuz4,1
isrmkgxn,b8h8uy0d,1
9g3466ce,y68rafkq,1
ctvn5bcc,nxb120ab,1
b98i0q0c,NA,NA
NA,NA,NA
rmdv0zae,nxb120ab,1
5y5w27n8,ezfvh1yd,1
b98i0q0c,NA,NA
e442rd3v,o42b386c,1
gcfrvnrq,NA,NA
9njhgqjt,b8h8uy0d,1
b8h8uy0d,isrmkgxn,1
8qkm4op5,9g3466ce,1
NA,NA,NA
qtd4nwnf,9g3466ce,1
tpx46qea,NA,1
js5eao29,zan8z6cj,1
pv34xizl,ttgp5d1q,1
zo8vfvom,ywj7r6yv,1
nxb120ab,rmdv0zae,1
ywj7r6yv,NA,NA
ky74qsy5,rsqgxgj7,1
u6iy9n7v,ky74qsy5,1
ttgp5d1q,gcfrvnrq,1
rsqgxgj7,ky74qsy5,1
23mbj83y,tpx46qea,1
100,NA,1
w76lz2ap,pv34xizl,1
fake0,fyzi3ukn,2
NA,NA,NA
fake,NA,NA
ny7i65xf,xxkx1e1g,1
0ty8p249,kffjpkwm,1
wo215i77,we8zkaxp,1
NA,NA,NA
we8zkaxp,wo215i77,1
8qy1knb8,kffjpkwm,1
469aazzl,vnnwzoon,1
vnnwzoon,m36p5uu7,1
kffjpkwm,8qy1knb8,1
y68rafkq,b8h8uy0d,1
cg5akdum,ctvn5bcc,1
39grl1tb,ny7i65xf,1
cl6iwdzj,we8zkaxp,1
fyzi3ukn,zan8z6cj,1
lvtt31qo,zan8z6cj,1
yyx7zv50,ny7i65xf,1
e1h602xs,xxkx1e1g,1
guoa029e,469aazzl,1
xxkx1e1g,yyx7zv50,1
ezfvh1yd,vnnwzoon,3
zan8z6cj,fyzi3ukn,1
isrmkgxn,9njhgqjt,1
9g3466ce,m36p5uu7,1
ctvn5bcc,rmdv0zae,1
b98i0q0c,NA,NA
NA,NA,NA
rmdv0zae,ctvn5bcc,1
5y5w27n8,0ty8p249,1
b98i0q0c,NA,NA
e442rd3v,rmdv0zae,1
gcfrvnrq,NA,NA
9njhgqjt,cl6iwdzj,1
b8h8uy0d,y68rafkq,1
8qkm4op5,qtd4nwnf,1
NA,NA,NA
qtd4nwnf,isrmkgxn,1
tpx46qea,NA,NA
js5eao29,w76lz2ap,1
pv34xizl,js5eao29,1
zo8vfvom,pv34xizl,2
nxb120ab,zo8vfvom,1
ywj7r6yv,NA,NA
ky74qsy5,tpx46qea,1
u6iy9n7v,23mbj83y,1
ttgp5d1q,pv34xizl,1
rsqgxgj7,isrmkgxn,1
23mbj83y,299wzuz4,1
100,NA,NA
w76lz2ap,gcfrvnrq,1
fake0,2gm2vp7w,5
NA,NA,NA
fake,NA,NA
ny7i65xf,e1h602xs,1
0ty8p249,cl6iwdzj,1
wo215i77,cl6iwdzj,1
NA,NA,NA
we8zkaxp,0ty8p249,1
8qy1knb8,469aazzl,1
469aazzl,NA,NA
vnnwzoon,gcfrvnrq,1
kffjpkwm,wo215i77,1
y68rafkq,9g3466ce,1
cg5akdum,NA,NA
39grl1tb,e1h602xs,1
cl6iwdzj,kffjpkwm,1
fyzi3ukn,299wzuz4,1
lvtt31qo,299wzuz4,1
yyx7zv50,e1h602xs,1
e1h602xs,ny7i65xf,1
guoa029e,vnnwzoon,1
xxkx1e1g,ny7i65xf,1
ezfvh1yd,9g3466ce,1
zan8z6cj,lvtt31qo,1
isrmkgxn,y68rafkq,1
9g3466ce,qtd4nwnf,1
ctvn5bcc,2gm2vp7w,1
b98i0q0c,NA,NA
NA,NA,NA
rmdv0zae,o42b386c,1
5y5w27n8,w76lz2ap,1
b98i0q0c,NA,NA
e442rd3v,nxb120ab,1
gcfrvnrq,NA,NA
9njhgqjt,NA,NA
b8h8uy0d,9g3466ce,1
8qkm4op5,5y5w27n8,1
NA,NA,NA
qtd4nwnf,y68rafkq,1
tpx46qea,NA,NA
js5eao29,pv34xizl,1
pv34xizl,gcfrvnrq,1
zo8vfvom,NA,NA
nxb120ab,tpx46qea,1
ywj7r6yv,NA,NA
ky74qsy5,23mbj83y,NA
u6iy9n7v,NA,NA
ttgp5d1q,w76lz2ap,1
rsqgxgj7,NA,NA
23mbj83y,ky74qsy5,1
100,NA,NA
w76lz2ap,5y5w27n8,1
fake0,ttgp5d1q,7
NA,NA,NA
fake,NA,NA
ny7i65xf,NA,NA
0ty8p249,5y5w27n8,1
wo215i77,NA,NA
NA,NA,NA
we8zkaxp,cl6iwdzj,1
8qy1knb8,vnnwzoon,1
469aazzl,NA,NA
vnnwzoon,qtd4nwnf,1
kffjpkwm,0ty8p249,1
y68rafkq,9njhgqjt,1
cg5akdum,NA,NA
39grl1tb,cl6iwdzj,1
cl6iwdzj,0ty8p249,1
fyzi3ukn,NA,NA
lvtt31qo,NA,NA
yyx7zv50,100,1
e1h602xs,NA,NA
guoa029e,8qy1knb8,1
xxkx1e1g,e1h602xs,1
ezfvh1yd,NA,NA
zan8z6cj,js5eao29,1
isrmkgxn,NA,NA
9g3466ce,rmdv0zae,1
ctvn5bcc,e442rd3v,1
b98i0q0c,NA,NA
NA,NA,NA
rmdv0zae,NA,NA
5y5w27n8,8qkm4op5,1
b98i0q0c,NA,NA
e442rd3v,ctvn5bcc,1
gcfrvnrq,NA,NA
9njhgqjt,NA,NA
b8h8uy0d,NA,NA
8qkm4op5,isrmkgxn,1
NA,NA,NA
qtd4nwnf,vnnwzoon,1
tpx46qea,NA,NA
js5eao29,gcfrvnrq,1
pv34xizl,zo8vfvom,1
zo8vfvom,NA,NA
nxb120ab,ywj7r6yv,1
ywj7r6yv,NA,NA
ky74qsy5,NA,NA
u6iy9n7v,NA,NA
ttgp5d1q,NA,NA
rsqgxgj7,NA,NA
23mbj83y,rsqgxgj7,1
100,NA,NA
w76lz2ap,js5eao29,1
fake0,NA,NA
NA,NA,NA
fake,NA,NA
ny7i65xf,NA,NA
0ty8p249,NA,NA
wo215i77,NA,NA
NA,NA,NA
we8zkaxp,NA,NA
8qy1knb8,guoa029e,1
469aazzl,NA,NA
vnnwzoon,guoa029e,1
kffjpkwm,cl6iwdzj,1
y68rafkq,vnnwzoon,1
cg5akdum,NA,NA
39grl1tb,NA,NA
cl6iwdzj,NA,NA
fyzi3ukn,NA,NA
lvtt31qo,NA,NA
yyx7zv50,NA,NA
e1h602xs,NA,NA
guoa029e,NA,NA
xxkx1e1g,8qy1knb8,1
ezfvh1yd,NA,NA
zan8z6cj,zan8z6cj,7
isrmkgxn,NA,NA
9g3466ce,8qkm4op5,1
ctvn5bcc,o42b386c,1
b98i0q0c,NA,NA
NA,NA,NA
rmdv0zae,NA,NA
5y5w27n8,we8zkaxp,1
b98i0q0c,NA,NA
e442rd3v,NA,NA
gcfrvnrq,NA,NA
9njhgqjt,NA,NA
b8h8uy0d,NA,NA
8qkm4op5,w76lz2ap,1
NA,NA,NA
qtd4nwnf,8qkm4op5,1
tpx46qea,NA,NA
js5eao29,NA,NA
pv34xizl,guoa029e,1
zo8vfvom,NA,NA
nxb120ab,ctvn5bcc,1
ywj7r6yv,NA,NA
ky74qsy5,NA,NA
u6iy9n7v,NA,NA
ttgp5d1q,NA,NA
rsqgxgj7,NA,NA
23mbj83y,100,1
100,NA,NA
w76lz2ap,8qkm4op5,1
fake0,NA,NA
NA,NA,NA
fake,NA,NA
ny7i65xf,NA,NA
0ty8p249,NA,NA
wo215i77,NA,NA
NA,NA,NA
we8zkaxp,NA,NA
8qy1knb8,NA,NA
469aazzl,NA,NA
vnnwzoon,NA,NA
kffjpkwm,NA,NA
y68rafkq,qtd4nwnf,1
cg5akdum,NA,NA
39grl1tb,NA,NA
cl6iwdzj,NA,NA
fyzi3ukn,NA,NA
lvtt31qo,NA,NA
yyx7zv50,NA,NA
e1h602xs,NA,NA
guoa029e,NA,NA
xxkx1e1g,kffjpkwm,1
ezfvh1yd,NA,NA
zan8z6cj,NA,NA
isrmkgxn,NA,NA
9g3466ce,NA,NA
ctvn5bcc,NA,NA
b98i0q0c,NA,NA
NA,NA,NA
rmdv0zae,NA,NA
5y5w27n8,NA,NA
b98i0q0c,NA,NA
e442rd3v,NA,NA
gcfrvnrq,NA,NA
9njhgqjt,NA,NA
b8h8uy0d,NA,NA
8qkm4op5,b8h8uy0d,1
NA,NA,NA
qtd4nwnf,rmdv0zae,1
tpx46qea,NA,NA
js5eao29,NA,NA
pv34xizl,NA,NA
zo8vfvom,NA,NA
nxb120ab,NA,NA
ywj7r6yv,NA,NA
ky74qsy5,NA,NA
u6iy9n7v,NA,NA
ttgp5d1q,NA,NA
rsqgxgj7,NA,NA
23mbj83y,NA,NA
100,NA,NA
w76lz2ap,zan8z6cj,1
fake0,NA,NA
NA,NA,NA
fake,NA,NA
ny7i65xf,NA,NA
0ty8p249,NA,NA
wo215i77,NA,NA
NA,NA,NA
we8zkaxp,NA,NA
8qy1knb8,NA,NA
469aazzl,NA,NA
vnnwzoon,NA,NA
kffjpkwm,NA,NA
y68rafkq,2gm2vp7w,1
cg5akdum,NA,NA
39grl1tb,NA,NA
cl6iwdzj,NA,NA
fyzi3ukn,NA,NA
lvtt31qo,NA,NA
yyx7zv50,NA,NA
e1h602xs,NA,NA
guoa029e,NA,NA
xxkx1e1g,we8zkaxp,1
ezfvh1yd,NA,NA
zan8z6cj,NA,NA
isrmkgxn,NA,NA
9g3466ce,NA,NA
ctvn5bcc,NA,NA
b98i0q0c,NA,NA
NA,NA,NA
rmdv0zae,NA,NA
5y5w27n8,NA,NA
b98i0q0c,NA,NA
e442rd3v,NA,NA
gcfrvnrq,NA,NA
9njhgqjt,NA,NA
b8h8uy0d,NA,NA
8qkm4op5,9njhgqjt,1
NA,NA,NA
qtd4nwnf,NA,NA
tpx46qea,NA,NA
js5eao29,NA,NA
pv34xizl,NA,NA
zo8vfvom,NA,NA
nxb120ab,NA,NA
ywj7r6yv,NA,NA
ky74qsy5,NA,NA
u6iy9n7v,NA,NA
ttgp5d1q,NA,NA
rsqgxgj7,NA,NA
23mbj83y,NA,NA
100,NA,NA
w76lz2ap,b98i0q0c,1
fake0,NA,NA
NA,NA,NA
fake,NA,NA
ny7i65xf,NA,NA
0ty8p249,NA,NA
wo215i77,NA,NA
NA,NA,NA
we8zkaxp,NA,NA
8qy1knb8,NA,NA
469aazzl,NA,NA
vnnwzoon,NA,NA
kffjpkwm,NA,NA
y68rafkq,ezfvh1yd,1
cg5akdum,NA,NA
39grl1tb,NA,NA
cl6iwdzj,NA,NA
fyzi3ukn,NA,NA
lvtt31qo,NA,NA
yyx7zv50,NA,NA
e1h602xs,NA,NA
guoa029e,NA,NA
xxkx1e1g,NA,NA
ezfvh1yd,NA,NA
zan8z6cj,NA,NA
isrmkgxn,NA,NA
9g3466ce,NA,NA
ctvn5bcc,NA,NA
b98i0q0c,NA,NA
NA,NA,NA
rmdv0zae,NA,NA
5y5w27n8,NA,NA
b98i0q0c,NA,NA
e442rd3v,NA,NA
gcfrvnrq,NA,NA
9njhgqjt,NA,NA
b8h8uy0d,NA,NA
8qkm4op5,vnnwzoon,1
NA,NA,NA
qtd4nwnf,NA,NA
tpx46qea,NA,NA
js5eao29,NA,NA
pv34xizl,NA,NA
zo8vfvom,NA,NA
nxb120ab,NA,NA
ywj7r6yv,NA,NA
ky74qsy5,NA,NA
u6iy9n7v,NA,NA
ttgp5d1q,NA,NA
rsqgxgj7,NA,NA
23mbj83y,NA,NA
100,NA,NA
w76lz2ap,NA,NA
fake0,NA,NA
NA,NA,NA
fake,NA,NA
ny7i65xf,NA,NA
0ty8p249,NA,NA
wo215i77,NA,NA
NA,NA,NA
we8zkaxp,NA,NA
8qy1knb8,NA,NA
469aazzl,NA,NA
vnnwzoon,NA,NA
kffjpkwm,NA,NA
y68rafkq,gcfrvnrq,1
cg5akdum,NA,NA
39grl1tb,NA,NA
cl6iwdzj,NA,NA
fyzi3ukn,NA,NA
lvtt31qo,NA,NA
yyx7zv50,NA,NA
e1h602xs,NA,NA
guoa029e,NA,NA
xxkx1e1g,NA,NA
ezfvh1yd,NA,NA
zan8z6cj,NA,NA
isrmkgxn,NA,NA
9g3466ce,NA,NA
ctvn5bcc,NA,NA
b98i0q0c,NA,NA
NA,NA,NA
rmdv0zae,NA,NA
5y5w27n8,NA,NA
b98i0q0c,NA,NA
e442rd3v,NA,NA
gcfrvnrq,NA,NA
9njhgqjt,NA,NA
b8h8uy0d,NA,NA
8qkm4op5,299wzuz4,1
NA,NA,NA
qtd4nwnf,NA,NA
tpx46qea,NA,NA
js5eao29,NA,NA
pv34xizl,NA,NA
zo8vfvom,NA,NA
nxb120ab,NA,NA
ywj7r6yv,NA,NA
ky74qsy5,NA,NA
u6iy9n7v,NA,NA
ttgp5d1q,NA,NA
rsqgxgj7,NA,NA
23mbj83y,NA,NA
100,NA,NA
w76lz2ap,NA,NA
