from,to,weight
fake0,tpx46qea,NA
NA,tpx46qea,NA
fake,tpx46qea,NA
ny7i65xf,tpx46qea,0
0ty8p249,tpx46qea,-1
wo215i77,tpx46qea,-1
NA,tpx46qea,NA
we8zkaxp,tpx46qea,-1
8qy1knb8,tpx46qea,-1
469aazzl,tpx46qea,-1
vnnwzoon,tpx46qea,-1
kffjpkwm,tpx46qea,-1
y68rafkq,tpx46qea,-1
cg5akdum,tpx46qea,1
39grl1tb,tpx46qea,1
cl6iwdzj,tpx46qea,-1
fyzi3ukn,tpx46qea,0
lvtt31qo,tpx46qea,1
yyx7zv50,tpx46qea,1
e1h602xs,tpx46qea,-1
guoa029e,tpx46qea,-1
xxkx1e1g,tpx46qea,-1
ezfvh1yd,tpx46qea,-1
zan8z6cj,tpx46qea,0
isrmkgxn,tpx46qea,-1
9g3466ce,tpx46qea,-1
ctvn5bcc,tpx46qea,0
b98i0q0c,tpx46qea,NA
NA,tpx46qea,NA
rmdv0zae,tpx46qea,-1
5y5w27n8,tpx46qea,1
b98i0q0c,tpx46qea,NA
e442rd3v,tpx46qea,0
gcfrvnrq,tpx46qea,NA
9njhgqjt,tpx46qea,NA
b8h8uy0d,tpx46qea,-1
8qkm4op5,tpx46qea,-1
NA,tpx46qea,NA
qtd4nwnf,tpx46qea,-1
tpx46qea,tpx46qea,NA
js5eao29,tpx46qea,1
pv34xizl,tpx46qea,-1
zo8vfvom,tpx46qea,-1
nxb120ab,tpx46qea,-1
ywj7r6yv,tpx46qea,0
ky74qsy5,tpx46qea,0
u6iy9n7v,tpx46qea,0
ttgp5d1q,tpx46qea,0
rsqgxgj7,tpx46qea,-1
23mbj83y,tpx46qea,1
100,tpx46qea,1
w76lz2ap,tpx46qea,-1
fake0,cg5akdum,NA
NA,cg5akdum,NA
fake,cg5akdum,NA
ny7i65xf,cg5akdum,-1
0ty8p249,cg5akdum,0
wo215i77,cg5akdum,0
NA,cg5akdum,NA
we8zkaxp,cg5akdum,-1
8qy1knb8,cg5akdum,-1
469aazzl,cg5akdum,-1
vnnwzoon,cg5akdum,-1
kffjpkwm,cg5akdum,0
y68rafkq,cg5akdum,-1
cg5akdum,cg5akdum,NA
39grl1tb,cg5akdum,-1
cl6iwdzj,cg5akdum,-1
fyzi3ukn,cg5akdum,-1
lvtt31qo,cg5akdum,-1
yyx7zv50,cg5akdum,-1
e1h602xs,cg5akdum,-1
guoa029e,cg5akdum,-1
xxkx1e1g,cg5akdum,0
ezfvh1yd,cg5akdum,-1
zan8z6cj,cg5akdum,0
isrmkgxn,cg5akdum,-1
9g3466ce,cg5akdum,-1
ctvn5bcc,cg5akdum,1
b98i0q0c,cg5akdum,NA
NA,cg5akdum,NA
rmdv0zae,cg5akdum,-1
5y5w27n8,cg5akdum,1
b98i0q0c,cg5akdum,NA
e442rd3v,cg5akdum,0
gcfrvnrq,cg5akdum,NA
9njhgqjt,cg5akdum,NA
b8h8uy0d,cg5akdum,-1
8qkm4op5,cg5akdum,-1
NA,cg5akdum,NA
qtd4nwnf,cg5akdum,-1
tpx46qea,cg5akdum,-1
js5eao29,cg5akdum,-1
pv34xizl,cg5akdum,-1
zo8vfvom,cg5akdum,1
nxb120ab,cg5akdum,0
ywj7r6yv,cg5akdum,0
ky74qsy5,cg5akdum,-1
u6iy9n7v,cg5akdum,-1
ttgp5d1q,cg5akdum,-1
rsqgxgj7,cg5akdum,0
23mbj83y,cg5akdum,-1
100,cg5akdum,1
w76lz2ap,cg5akdum,-1
fake0,39grl1tb,NA
NA,39grl1tb,NA
fake,39grl1tb,NA
ny7i65xf,39grl1tb,1
0ty8p249,39grl1tb,0
wo215i77,39grl1tb,1
NA,39grl1tb,NA
we8zkaxp,39grl1tb,0
8qy1knb8,39grl1tb,-1
469aazzl,39grl1tb,0
vnnwzoon,39grl1tb,-1
kffjpkwm,39grl1tb,1
y68rafkq,39grl1tb,-1
cg5akdum,39grl1tb,NA
39grl1tb,39grl1tb,1
cl6iwdzj,39grl1tb,1
fyzi3ukn,39grl1tb,1
lvtt31qo,39grl1tb,-1
yyx7zv50,39grl1tb,1
e1h602xs,39grl1tb,1
guoa029e,39grl1tb,-1
xxkx1e1g,39grl1tb,1
ezfvh1yd,39grl1tb,-1
zan8z6cj,39grl1tb,-1
isrmkgxn,39grl1tb,-1
9g3466ce,39grl1tb,-1
ctvn5bcc,39grl1tb,1
b98i0q0c,39grl1tb,NA
NA,39grl1tb,NA
rmdv0zae,39grl1tb,-1
5y5w27n8,39grl1tb,0
b98i0q0c,39grl1tb,NA
e442rd3v,39grl1tb,0
gcfrvnrq,39grl1tb,NA
9njhgqjt,39grl1tb,NA
b8h8uy0d,39grl1tb,-1
8qkm4op5,39grl1tb,-1
NA,39grl1tb,NA
qtd4nwnf,39grl1tb,-1
tpx46qea,39grl1tb,NA
js5eao29,39grl1tb,1
pv34xizl,39grl1tb,-1
zo8vfvom,39grl1tb,-1
nxb120ab,39grl1tb,-1
ywj7r6yv,39grl1tb,NA
ky74qsy5,39grl1tb,0
u6iy9n7v,39grl1tb,0
ttgp5d1q,39grl1tb,1
rsqgxgj7,39grl1tb,-1
23mbj83y,39grl1tb,-1
100,39grl1tb,1
w76lz2ap,39grl1tb,-1
fake0,guoa029e,NA
NA,guoa029e,NA
fake,guoa029e,NA
ny7i65xf,guoa029e,0
0ty8p249,guoa029e,1
wo215i77,guoa029e,1
NA,guoa029e,NA
we8zkaxp,guoa029e,-1
8qy1knb8,guoa029e,1
469aazzl,guoa029e,1
vnnwzoon,guoa029e,1
kffjpkwm,guoa029e,-1
y68rafkq,guoa029e,1
cg5akdum,guoa029e,NA
39grl1tb,guoa029e,1
cl6iwdzj,guoa029e,0
fyzi3ukn,guoa029e,-1
lvtt31qo,guoa029e,-1
yyx7zv50,guoa029e,1
e1h602xs,guoa029e,0
guoa029e,guoa029e,1
xxkx1e1g,guoa029e,1
ezfvh1yd,guoa029e,1
zan8z6cj,guoa029e,0
isrmkgxn,guoa029e,-1
9g3466ce,guoa029e,1
ctvn5bcc,guoa029e,0
b98i0q0c,guoa029e,NA
NA,guoa029e,NA
rmdv0zae,guoa029e,1
5y5w27n8,guoa029e,-1
b98i0q0c,guoa029e,NA
e442rd3v,guoa029e,0
gcfrvnrq,guoa029e,NA
9njhgqjt,guoa029e,NA
b8h8uy0d,guoa029e,0
8qkm4op5,guoa029e,-1
NA,guoa029e,NA
qtd4nwnf,guoa029e,1
tpx46qea,guoa029e,0
js5eao29,guoa029e,1
pv34xizl,guoa029e,1
zo8vfvom,guoa029e,1
nxb120ab,guoa029e,0
ywj7r6yv,guoa029e,0
ky74qsy5,guoa029e,-1
u6iy9n7v,guoa029e,-1
ttgp5d1q,guoa029e,1
rsqgxgj7,guoa029e,1
23mbj83y,guoa029e,1
100,guoa029e,1
w76lz2ap,guoa029e,-1
fake0,yyx7zv50,NA
NA,yyx7zv50,NA
fake,yyx7zv50,NA
ny7i65xf,yyx7zv50,1
0ty8p249,yyx7zv50,-1
wo215i77,yyx7zv50,0
NA,yyx7zv50,NA
we8zkaxp,yyx7zv50,-1
8qy1knb8,yyx7zv50,-1
469aazzl,yyx7zv50,-1
vnnwzoon,yyx7zv50,-1
kffjpkwm,yyx7zv50,-1
y68rafkq,yyx7zv50,-1
cg5akdum,yyx7zv50,NA
39grl1tb,yyx7zv50,1
cl6iwdzj,yyx7zv50,0
fyzi3ukn,yyx7zv50,-1
lvtt31qo,yyx7zv50,-1
yyx7zv50,yyx7zv50,0
e1h602xs,yyx7zv50,1
guoa029e,yyx7zv50,0
xxkx1e1g,yyx7zv50,1
ezfvh1yd,yyx7zv50,-1
zan8z6cj,yyx7zv50,-1
isrmkgxn,yyx7zv50,-1
9g3466ce,yyx7zv50,-1
ctvn5bcc,yyx7zv50,-1
b98i0q0c,yyx7zv50,NA
NA,yyx7zv50,NA
rmdv0zae,yyx7zv50,-1
5y5w27n8,yyx7zv50,-1
b98i0q0c,yyx7zv50,NA
e442rd3v,yyx7zv50,0
gcfrvnrq,yyx7zv50,NA
9njhgqjt,yyx7zv50,NA
b8h8uy0d,yyx7zv50,-1
8qkm4op5,yyx7zv50,-1
NA,yyx7zv50,NA
qtd4nwnf,yyx7zv50,-1
tpx46qea,yyx7zv50,NA
js5eao29,yyx7zv50,1
pv34xizl,yyx7zv50,-1
zo8vfvom,yyx7zv50,0
nxb120ab,yyx7zv50,-1
ywj7r6yv,yyx7zv50,0
ky74qsy5,yyx7zv50,0
u6iy9n7v,yyx7zv50,-1
ttgp5d1q,yyx7zv50,-1
rsqgxgj7,yyx7zv50,1
23mbj83y,yyx7zv50,-1
100,yyx7zv50,1
w76lz2ap,yyx7zv50,-1
fake0,2gm2vp7w,NA
NA,2gm2vp7w,NA
fake,2gm2vp7w,NA
ny7i65xf,2gm2vp7w,-1
0ty8p249,2gm2vp7w,-1
wo215i77,2gm2vp7w,-1
NA,2gm2vp7w,NA
we8zkaxp,2gm2vp7w,0
8qy1knb8,2gm2vp7w,-1
469aazzl,2gm2vp7w,-1
vnnwzoon,2gm2vp7w,0
kffjpkwm,2gm2vp7w,-1
y68rafkq,2gm2vp7w,1
cg5akdum,2gm2vp7w,1
39grl1tb,2gm2vp7w,0
cl6iwdzj,2gm2vp7w,-1
fyzi3ukn,2gm2vp7w,-1
lvtt31qo,2gm2vp7w,-1
yyx7zv50,2gm2vp7w,-1
e1h602xs,2gm2vp7w,-1
guoa029e,2gm2vp7w,-1
xxkx1e1g,2gm2vp7w,-1
ezfvh1yd,2gm2vp7w,-1
zan8z6cj,2gm2vp7w,-1
isrmkgxn,2gm2vp7w,-1
9g3466ce,2gm2vp7w,0
ctvn5bcc,2gm2vp7w,1
b98i0q0c,2gm2vp7w,NA
NA,2gm2vp7w,NA
rmdv0zae,2gm2vp7w,-1
5y5w27n8,2gm2vp7w,-1
b98i0q0c,2gm2vp7w,NA
e442rd3v,2gm2vp7w,0
gcfrvnrq,2gm2vp7w,NA
9njhgqjt,2gm2vp7w,NA
b8h8uy0d,2gm2vp7w,-1
8qkm4op5,2gm2vp7w,-1
NA,2gm2vp7w,NA
qtd4nwnf,2gm2vp7w,1
tpx46qea,2gm2vp7w,0
js5eao29,2gm2vp7w,1
pv34xizl,2gm2vp7w,-1
zo8vfvom,2gm2vp7w,0
nxb120ab,2gm2vp7w,-1
ywj7r6yv,2gm2vp7w,0
ky74qsy5,2gm2vp7w,-1
u6iy9n7v,2gm2vp7w,0
ttgp5d1q,2gm2vp7w,-1
rsqgxgj7,2gm2vp7w,-1
23mbj83y,2gm2vp7w,-1
100,2gm2vp7w,1
w76lz2ap,2gm2vp7w,-1
fake0,100,NA
NA,100,NA
fake,100,NA
ny7i65xf,100,-1
0ty8p249,100,-1
wo215i77,100,0
NA,100,NA
we8zkaxp,100,-1
8qy1knb8,100,-1
469aazzl,100,-1
vnnwzoon,100,-1
kffjpkwm,100,-1
y68rafkq,100,-1
cg5akdum,100,NA
39grl1tb,100,-1
cl6iwdzj,100,-1
fyzi3ukn,100,-1
lvtt31qo,100,-1
yyx7zv50,100,-1
e1h602xs,100,-1
guoa029e,100,-1
xxkx1e1g,100,-1
ezfvh1yd,100,-1
zan8z6cj,100,-1
isrmkgxn,100,-1
9g3466ce,100,-1
ctvn5bcc,100,-1
b98i0q0c,100,NA
NA,100,NA
rmdv0zae,100,-1
5y5w27n8,100,-1
b98i0q0c,100,NA
e442rd3v,100,0
gcfrvnrq,100,NA
9njhgqjt,100,NA
b8h8uy0d,100,-1
8qkm4op5,100,-1
NA,100,NA
qtd4nwnf,100,-1
tpx46qea,100,0
js5eao29,100,-1
pv34xizl,100,-1
zo8vfvom,100,-1
nxb120ab,100,-1
ywj7r6yv,100,0
ky74qsy5,100,-1
u6iy9n7v,100,0
ttgp5d1q,100,-1
rsqgxgj7,100,-1
23mbj83y,100,1
100,100,0
w76lz2ap,100,-1
fake0,NA,NA
NA,NA,NA
fake,NA,NA
ny7i65xf,NA,-1
0ty8p249,NA,-1
wo215i77,NA,0
NA,NA,NA
we8zkaxp,NA,-1
8qy1knb8,NA,-1
469aazzl,NA,-1
vnnwzoon,NA,-1
kffjpkwm,NA,-1
y68rafkq,NA,-1
cg5akdum,NA,NA
39grl1tb,NA,0
cl6iwdzj,NA,-1
fyzi3ukn,NA,-1
lvtt31qo,NA,-1
yyx7zv50,NA,-1
e1h602xs,NA,-1
guoa029e,NA,-1
xxkx1e1g,NA,0
ezfvh1yd,NA,-1
zan8z6cj,NA,-1
isrmkgxn,NA,-1
9g3466ce,NA,-1
ctvn5bcc,NA,-1
b98i0q0c,NA,NA
NA,NA,NA
rmdv0zae,NA,-1
5y5w27n8,NA,-1
b98i0q0c,NA,NA
e442rd3v,NA,0
gcfrvnrq,NA,NA
9njhgqjt,NA,NA
b8h8uy0d,NA,-1
8qkm4op5,NA,-1
NA,NA,NA
qtd4nwnf,NA,0
tpx46qea,NA,-1
js5eao29,NA,-1
pv34xizl,NA,-1
zo8vfvom,NA,-1
nxb120ab,NA,-1
ywj7r6yv,NA,0
ky74qsy5,NA,-1
u6iy9n7v,NA,-1
ttgp5d1q,NA,-1
rsqgxgj7,NA,-1
23mbj83y,NA,0
100,NA,NA
w76lz2ap,NA,-1
fake0,u6iy9n7v,NA
NA,u6iy9n7v,NA
fake,u6iy9n7v,NA
ny7i65xf,u6iy9n7v,0
0ty8p249,u6iy9n7v,-1
wo215i77,u6iy9n7v,-1
NA,u6iy9n7v,NA
we8zkaxp,u6iy9n7v,-1
8qy1knb8,u6iy9n7v,-1
469aazzl,u6iy9n7v,-1
vnnwzoon,u6iy9n7v,-1
kffjpkwm,u6iy9n7v,-1
y68rafkq,u6iy9n7v,-1
cg5akdum,u6iy9n7v,NA
39grl1tb,u6iy9n7v,-1
cl6iwdzj,u6iy9n7v,NA
fyzi3ukn,u6iy9n7v,-1
lvtt31qo,u6iy9n7v,-1
yyx7zv50,u6iy9n7v,-1
e1h602xs,u6iy9n7v,-1
guoa029e,u6iy9n7v,-1
xxkx1e1g,u6iy9n7v,0
ezfvh1yd,u6iy9n7v,-1
zan8z6cj,u6iy9n7v,-1
isrmkgxn,u6iy9n7v,-1
9g3466ce,u6iy9n7v,-1
ctvn5bcc,u6iy9n7v,-1
b98i0q0c,u6iy9n7v,NA
NA,u6iy9n7v,NA
rmdv0zae,u6iy9n7v,-1
5y5w27n8,u6iy9n7v,-1
b98i0q0c,u6iy9n7v,NA
e442rd3v,u6iy9n7v,-1
gcfrvnrq,u6iy9n7v,NA
9njhgqjt,u6iy9n7v,NA
b8h8uy0d,u6iy9n7v,-1
8qkm4op5,u6iy9n7v,-1
NA,u6iy9n7v,NA
qtd4nwnf,u6iy9n7v,-1
tpx46qea,u6iy9n7v,-1
js5eao29,u6iy9n7v,-1
pv34xizl,u6iy9n7v,-1
zo8vfvom,u6iy9n7v,0
nxb120ab,u6iy9n7v,-1
ywj7r6yv,u6iy9n7v,0
ky74qsy5,u6iy9n7v,1
u6iy9n7v,u6iy9n7v,1
ttgp5d1q,u6iy9n7v,-1
rsqgxgj7,u6iy9n7v,1
23mbj83y,u6iy9n7v,1
100,u6iy9n7v,1
w76lz2ap,u6iy9n7v,-1
fake0,13211,NA
NA,13211,NA
fake,13211,NA
ny7i65xf,13211,-1
0ty8p249,13211,-1
wo215i77,13211,0
NA,13211,NA
we8zkaxp,13211,-1
8qy1knb8,13211,-1
469aazzl,13211,-1
vnnwzoon,13211,-1
kffjpkwm,13211,-1
y68rafkq,13211,-1
cg5akdum,13211,NA
39grl1tb,13211,0
cl6iwdzj,13211,NA
fyzi3ukn,13211,-1
lvtt31qo,13211,-1
yyx7zv50,13211,-1
e1h602xs,13211,-1
guoa029e,13211,-1
xxkx1e1g,13211,-1
ezfvh1yd,13211,-1
zan8z6cj,13211,-1
isrmkgxn,13211,-1
9g3466ce,13211,-1
ctvn5bcc,13211,-1
b98i0q0c,13211,NA
NA,13211,NA
rmdv0zae,13211,-1
5y5w27n8,13211,-1
b98i0q0c,13211,NA
e442rd3v,13211,0
gcfrvnrq,13211,NA
9njhgqjt,13211,NA
b8h8uy0d,13211,-1
8qkm4op5,13211,-1
NA,13211,NA
qtd4nwnf,13211,0
tpx46qea,13211,-1
js5eao29,13211,-1
pv34xizl,13211,-1
zo8vfvom,13211,0
nxb120ab,13211,-1
ywj7r6yv,13211,0
ky74qsy5,13211,-1
u6iy9n7v,13211,-1
ttgp5d1q,13211,-1
rsqgxgj7,13211,-1
23mbj83y,13211,-1
100,13211,NA
w76lz2ap,13211,-1
fake0,ttgp5d1q,NA
NA,ttgp5d1q,NA
fake,ttgp5d1q,NA
ny7i65xf,ttgp5d1q,-1
0ty8p249,ttgp5d1q,-1
wo215i77,ttgp5d1q,1
NA,ttgp5d1q,NA
we8zkaxp,ttgp5d1q,-1
8qy1knb8,ttgp5d1q,0
469aazzl,ttgp5d1q,-1
vnnwzoon,ttgp5d1q,0
kffjpkwm,ttgp5d1q,0
y68rafkq,ttgp5d1q,-1
cg5akdum,ttgp5d1q,NA
39grl1tb,ttgp5d1q,1
cl6iwdzj,ttgp5d1q,NA
fyzi3ukn,ttgp5d1q,1
lvtt31qo,ttgp5d1q,-1
yyx7zv50,ttgp5d1q,0
e1h602xs,ttgp5d1q,0
guoa029e,ttgp5d1q,0
xxkx1e1g,ttgp5d1q,1
ezfvh1yd,ttgp5d1q,-1
zan8z6cj,ttgp5d1q,1
isrmkgxn,ttgp5d1q,-1
9g3466ce,ttgp5d1q,0
ctvn5bcc,ttgp5d1q,1
b98i0q0c,ttgp5d1q,NA
NA,ttgp5d1q,NA
rmdv0zae,ttgp5d1q,0
5y5w27n8,ttgp5d1q,0
b98i0q0c,ttgp5d1q,NA
e442rd3v,ttgp5d1q,0
gcfrvnrq,ttgp5d1q,NA
9njhgqjt,ttgp5d1q,NA
b8h8uy0d,ttgp5d1q,0
8qkm4op5,ttgp5d1q,0
NA,ttgp5d1q,NA
qtd4nwnf,ttgp5d1q,-1
tpx46qea,ttgp5d1q,0
js5eao29,ttgp5d1q,1
pv34xizl,ttgp5d1q,1
zo8vfvom,ttgp5d1q,1
nxb120ab,ttgp5d1q,0
ywj7r6yv,ttgp5d1q,0
ky74qsy5,ttgp5d1q,1
u6iy9n7v,ttgp5d1q,0
ttgp5d1q,ttgp5d1q,0
rsqgxgj7,ttgp5d1q,1
23mbj83y,ttgp5d1q,1
100,ttgp5d1q,1
w76lz2ap,ttgp5d1q,1
fake0,zo8vfvom,NA
NA,zo8vfvom,NA
fake,zo8vfvom,NA
ny7i65xf,zo8vfvom,-1
0ty8p249,zo8vfvom,-1
wo215i77,zo8vfvom,0
NA,zo8vfvom,NA
we8zkaxp,zo8vfvom,-1
8qy1knb8,zo8vfvom,-1
469aazzl,zo8vfvom,-1
vnnwzoon,zo8vfvom,0
kffjpkwm,zo8vfvom,0
y68rafkq,zo8vfvom,-1
cg5akdum,zo8vfvom,NA
39grl1tb,zo8vfvom,0
cl6iwdzj,zo8vfvom,NA
fyzi3ukn,zo8vfvom,0
lvtt31qo,zo8vfvom,-1
yyx7zv50,zo8vfvom,-1
e1h602xs,zo8vfvom,-1
guoa029e,zo8vfvom,1
xxkx1e1g,zo8vfvom,0
ezfvh1yd,zo8vfvom,0
zan8z6cj,zo8vfvom,-1
isrmkgxn,zo8vfvom,-1
9g3466ce,zo8vfvom,0
ctvn5bcc,zo8vfvom,1
b98i0q0c,zo8vfvom,NA
NA,zo8vfvom,NA
rmdv0zae,zo8vfvom,1
5y5w27n8,zo8vfvom,-1
b98i0q0c,zo8vfvom,NA
e442rd3v,zo8vfvom,-1
gcfrvnrq,zo8vfvom,NA
9njhgqjt,zo8vfvom,NA
b8h8uy0d,zo8vfvom,-1
8qkm4op5,zo8vfvom,-1
NA,zo8vfvom,NA
qtd4nwnf,zo8vfvom,1
tpx46qea,zo8vfvom,-1
js5eao29,zo8vfvom,1
pv34xizl,zo8vfvom,1
zo8vfvom,zo8vfvom,1
nxb120ab,zo8vfvom,0
ywj7r6yv,zo8vfvom,1
ky74qsy5,zo8vfvom,1
u6iy9n7v,zo8vfvom,-1
ttgp5d1q,zo8vfvom,-1
rsqgxgj7,zo8vfvom,1
23mbj83y,zo8vfvom,-1
100,zo8vfvom,0
w76lz2ap,zo8vfvom,1
fake0,299wzuz4,NA
NA,299wzuz4,NA
fake,299wzuz4,NA
ny7i65xf,299wzuz4,-1
0ty8p249,299wzuz4,-1
wo215i77,299wzuz4,1
NA,299wzuz4,NA
we8zkaxp,299wzuz4,-1
8qy1knb8,299wzuz4,-1
469aazzl,299wzuz4,0
vnnwzoon,299wzuz4,-1
kffjpkwm,299wzuz4,1
y68rafkq,299wzuz4,-1
cg5akdum,299wzuz4,NA
39grl1tb,299wzuz4,0
cl6iwdzj,299wzuz4,NA
fyzi3ukn,299wzuz4,1
lvtt31qo,299wzuz4,1
yyx7zv50,299wzuz4,-1
e1h602xs,299wzuz4,-1
guoa029e,299wzuz4,-1
xxkx1e1g,299wzuz4,1
ezfvh1yd,299wzuz4,-1
zan8z6cj,299wzuz4,1
isrmkgxn,299wzuz4,-1
9g3466ce,299wzuz4,0
ctvn5bcc,299wzuz4,1
b98i0q0c,299wzuz4,NA
NA,299wzuz4,NA
rmdv0zae,299wzuz4,-1
5y5w27n8,299wzuz4,-1
b98i0q0c,299wzuz4,NA
e442rd3v,299wzuz4,1
gcfrvnrq,299wzuz4,NA
9njhgqjt,299wzuz4,NA
b8h8uy0d,299wzuz4,-1
8qkm4op5,299wzuz4,0
NA,299wzuz4,NA
qtd4nwnf,299wzuz4,1
tpx46qea,299wzuz4,-1
js5eao29,299wzuz4,1
pv34xizl,299wzuz4,0
zo8vfvom,299wzuz4,1
nxb120ab,299wzuz4,0
ywj7r6yv,299wzuz4,0
ky74qsy5,299wzuz4,-1
u6iy9n7v,299wzuz4,0
ttgp5d1q,299wzuz4,1
rsqgxgj7,299wzuz4,1
23mbj83y,299wzuz4,1
100,299wzuz4,1
w76lz2ap,299wzuz4,0
fake0,m36p5uu7,NA
NA,m36p5uu7,NA
fake,m36p5uu7,NA
ny7i65xf,m36p5uu7,-1
0ty8p249,m36p5uu7,-1
wo215i77,m36p5uu7,-1
NA,m36p5uu7,NA
we8zkaxp,m36p5uu7,-1
8qy1knb8,m36p5uu7,1
469aazzl,m36p5uu7,-1
vnnwzoon,m36p5uu7,1
kffjpkwm,m36p5uu7,0
y68rafkq,m36p5uu7,1
cg5akdum,m36p5uu7,NA
39grl1tb,m36p5uu7,-1
cl6iwdzj,m36p5uu7,NA
fyzi3ukn,m36p5uu7,0
lvtt31qo,m36p5uu7,-1
yyx7zv50,m36p5uu7,0
e1h602xs,m36p5uu7,-1
guoa029e,m36p5uu7,1
xxkx1e1g,m36p5uu7,-1
ezfvh1yd,m36p5uu7,1
zan8z6cj,m36p5uu7,1
isrmkgxn,m36p5uu7,1
9g3466ce,m36p5uu7,1
ctvn5bcc,m36p5uu7,-1
b98i0q0c,m36p5uu7,NA
NA,m36p5uu7,NA
rmdv0zae,m36p5uu7,-1
5y5w27n8,m36p5uu7,-1
b98i0q0c,m36p5uu7,NA
e442rd3v,m36p5uu7,0
gcfrvnrq,m36p5uu7,NA
9njhgqjt,m36p5uu7,NA
b8h8uy0d,m36p5uu7,-1
8qkm4op5,m36p5uu7,1
NA,m36p5uu7,NA
qtd4nwnf,m36p5uu7,1
tpx46qea,m36p5uu7,-1
js5eao29,m36p5uu7,1
pv34xizl,m36p5uu7,0
zo8vfvom,m36p5uu7,-1
nxb120ab,m36p5uu7,1
ywj7r6yv,m36p5uu7,0
ky74qsy5,m36p5uu7,0
u6iy9n7v,m36p5uu7,-1
ttgp5d1q,m36p5uu7,-1
rsqgxgj7,m36p5uu7,1
23mbj83y,m36p5uu7,-1
100,m36p5uu7,0
w76lz2ap,m36p5uu7,0
fake0,qtd4nwnf,NA
NA,qtd4nwnf,NA
fake,qtd4nwnf,NA
ny7i65xf,qtd4nwnf,0
0ty8p249,qtd4nwnf,0
wo215i77,qtd4nwnf,-1
NA,qtd4nwnf,NA
we8zkaxp,qtd4nwnf,-1
8qy1knb8,qtd4nwnf,1
469aazzl,qtd4nwnf,-1
vnnwzoon,qtd4nwnf,1
kffjpkwm,qtd4nwnf,0
y68rafkq,qtd4nwnf,1
cg5akdum,qtd4nwnf,NA
39grl1tb,qtd4nwnf,-1
cl6iwdzj,qtd4nwnf,NA
fyzi3ukn,qtd4nwnf,-1
lvtt31qo,qtd4nwnf,-1
yyx7zv50,qtd4nwnf,-1
e1h602xs,qtd4nwnf,-1
guoa029e,qtd4nwnf,0
xxkx1e1g,qtd4nwnf,0
ezfvh1yd,qtd4nwnf,1
zan8z6cj,qtd4nwnf,0
isrmkgxn,qtd4nwnf,1
9g3466ce,qtd4nwnf,1
ctvn5bcc,qtd4nwnf,-1
b98i0q0c,qtd4nwnf,NA
NA,qtd4nwnf,NA
rmdv0zae,qtd4nwnf,1
5y5w27n8,qtd4nwnf,-1
b98i0q0c,qtd4nwnf,NA
e442rd3v,qtd4nwnf,0
gcfrvnrq,qtd4nwnf,NA
9njhgqjt,qtd4nwnf,NA
b8h8uy0d,qtd4nwnf,1
8qkm4op5,qtd4nwnf,1
NA,qtd4nwnf,NA
qtd4nwnf,qtd4nwnf,NA
tpx46qea,qtd4nwnf,-1
js5eao29,qtd4nwnf,1
pv34xizl,qtd4nwnf,0
zo8vfvom,qtd4nwnf,-1
nxb120ab,qtd4nwnf,1
ywj7r6yv,qtd4nwnf,0
ky74qsy5,qtd4nwnf,-1
u6iy9n7v,qtd4nwnf,-1
ttgp5d1q,qtd4nwnf,-1
rsqgxgj7,qtd4nwnf,1
23mbj83y,qtd4nwnf,-1
100,qtd4nwnf,1
w76lz2ap,qtd4nwnf,-1
fake0,b98i0q0c,NA
NA,b98i0q0c,NA
fake,b98i0q0c,NA
ny7i65xf,b98i0q0c,0
0ty8p249,b98i0q0c,1
wo215i77,b98i0q0c,1
NA,b98i0q0c,NA
we8zkaxp,b98i0q0c,-1
8qy1knb8,b98i0q0c,0
469aazzl,b98i0q0c,0
vnnwzoon,b98i0q0c,0
kffjpkwm,b98i0q0c,1
y68rafkq,b98i0q0c,-1
cg5akdum,b98i0q0c,NA
39grl1tb,b98i0q0c,0
cl6iwdzj,b98i0q0c,NA
fyzi3ukn,b98i0q0c,1
lvtt31qo,b98i0q0c,1
yyx7zv50,b98i0q0c,-1
e1h602xs,b98i0q0c,0
guoa029e,b98i0q0c,-1
xxkx1e1g,b98i0q0c,0
ezfvh1yd,b98i0q0c,-1
zan8z6cj,b98i0q0c,1
isrmkgxn,b98i0q0c,-1
9g3466ce,b98i0q0c,-1
ctvn5bcc,b98i0q0c,-1
b98i0q0c,b98i0q0c,NA
NA,b98i0q0c,NA
rmdv0zae,b98i0q0c,1
5y5w27n8,b98i0q0c,1
b98i0q0c,b98i0q0c,NA
e442rd3v,b98i0q0c,0
gcfrvnrq,b98i0q0c,NA
9njhgqjt,b98i0q0c,NA
b8h8uy0d,b98i0q0c,-1
8qkm4op5,b98i0q0c,0
NA,b98i0q0c,NA
qtd4nwnf,b98i0q0c,-1
tpx46qea,b98i0q0c,0
js5eao29,b98i0q0c,1
pv34xizl,b98i0q0c,1
zo8vfvom,b98i0q0c,1
nxb120ab,b98i0q0c,-1
ywj7r6yv,b98i0q0c,0
ky74qsy5,b98i0q0c,1
u6iy9n7v,b98i0q0c,-1
ttgp5d1q,b98i0q0c,1
rsqgxgj7,b98i0q0c,1
23mbj83y,b98i0q0c,1
100,b98i0q0c,1
w76lz2ap,b98i0q0c,1
fake0,wz29onlw,NA
NA,wz29onlw,NA
fake,wz29onlw,NA
ny7i65xf,wz29onlw,-1
0ty8p249,wz29onlw,-1
wo215i77,wz29onlw,-1
NA,wz29onlw,NA
we8zkaxp,wz29onlw,-1
8qy1knb8,wz29onlw,0
469aazzl,wz29onlw,-1
vnnwzoon,wz29onlw,-1
kffjpkwm,wz29onlw,1
y68rafkq,wz29onlw,-1
cg5akdum,wz29onlw,NA
39grl1tb,wz29onlw,-1
cl6iwdzj,wz29onlw,NA
fyzi3ukn,wz29onlw,-1
lvtt31qo,wz29onlw,-1
yyx7zv50,wz29onlw,-1
e1h602xs,wz29onlw,-1
guoa029e,wz29onlw,-1
xxkx1e1g,wz29onlw,0
ezfvh1yd,wz29onlw,-1
zan8z6cj,wz29onlw,-1
isrmkgxn,wz29onlw,-1
9g3466ce,wz29onlw,0
ctvn5bcc,wz29onlw,0
b98i0q0c,wz29onlw,NA
NA,wz29onlw,NA
rmdv0zae,wz29onlw,1
5y5w27n8,wz29onlw,1
b98i0q0c,wz29onlw,NA
e442rd3v,wz29onlw,0
gcfrvnrq,wz29onlw,NA
9njhgqjt,wz29onlw,NA
b8h8uy0d,wz29onlw,-1
8qkm4op5,wz29onlw,-1
NA,wz29onlw,NA
qtd4nwnf,wz29onlw,-1
tpx46qea,wz29onlw,-1
js5eao29,wz29onlw,1
pv34xizl,wz29onlw,0
zo8vfvom,wz29onlw,1
nxb120ab,wz29onlw,-1
ywj7r6yv,wz29onlw,0
ky74qsy5,wz29onlw,-1
u6iy9n7v,wz29onlw,-1
ttgp5d1q,wz29onlw,1
rsqgxgj7,wz29onlw,-1
23mbj83y,wz29onlw,-1
100,wz29onlw,1
w76lz2ap,wz29onlw,1
fake0,23mbj83y,NA
NA,23mbj83y,NA
fake,23mbj83y,NA
ny7i65xf,23mbj83y,0
0ty8p249,23mbj83y,-1
wo215i77,23mbj83y,-1
NA,23mbj83y,NA
we8zkaxp,23mbj83y,-1
8qy1knb8,23mbj83y,-1
469aazzl,23mbj83y,-1
vnnwzoon,23mbj83y,-1
kffjpkwm,23mbj83y,-1
y68rafkq,23mbj83y,-1
cg5akdum,23mbj83y,NA
39grl1tb,23mbj83y,-1
cl6iwdzj,23mbj83y,NA
fyzi3ukn,23mbj83y,-1
lvtt31qo,23mbj83y,-1
yyx7zv50,23mbj83y,-1
e1h602xs,23mbj83y,-1
guoa029e,23mbj83y,-1
xxkx1e1g,23mbj83y,0
ezfvh1yd,23mbj83y,-1
zan8z6cj,23mbj83y,-1
isrmkgxn,23mbj83y,-1
9g3466ce,23mbj83y,-1
ctvn5bcc,23mbj83y,-1
b98i0q0c,23mbj83y,NA
NA,23mbj83y,NA
rmdv0zae,23mbj83y,-1
5y5w27n8,23mbj83y,-1
b98i0q0c,23mbj83y,NA
e442rd3v,23mbj83y,0
gcfrvnrq,23mbj83y,NA
9njhgqjt,23mbj83y,NA
b8h8uy0d,23mbj83y,-1
8qkm4op5,23mbj83y,-1
NA,23mbj83y,NA
qtd4nwnf,23mbj83y,-1
tpx46qea,23mbj83y,0
js5eao29,23mbj83y,-1
pv34xizl,23mbj83y,-1
zo8vfvom,23mbj83y,-1
nxb120ab,23mbj83y,-1
ywj7r6yv,23mbj83y,0
ky74qsy5,23mbj83y,1
u6iy9n7v,23mbj83y,1
ttgp5d1q,23mbj83y,-1
rsqgxgj7,23mbj83y,1
23mbj83y,23mbj83y,0
100,23mbj83y,1
w76lz2ap,23mbj83y,-1
fake0,nxb120ab,NA
NA,nxb120ab,NA
fake,nxb120ab,NA
ny7i65xf,nxb120ab,-1
0ty8p249,nxb120ab,-1
wo215i77,nxb120ab,-1
NA,nxb120ab,NA
we8zkaxp,nxb120ab,-1
8qy1knb8,nxb120ab,0
469aazzl,nxb120ab,-1
vnnwzoon,nxb120ab,0
kffjpkwm,nxb120ab,-1
y68rafkq,nxb120ab,0
cg5akdum,nxb120ab,NA
39grl1tb,nxb120ab,0
cl6iwdzj,nxb120ab,NA
fyzi3ukn,nxb120ab,-1
lvtt31qo,nxb120ab,0
yyx7zv50,nxb120ab,-1
e1h602xs,nxb120ab,-1
guoa029e,nxb120ab,0
xxkx1e1g,nxb120ab,0
ezfvh1yd,nxb120ab,1
zan8z6cj,nxb120ab,0
isrmkgxn,nxb120ab,0
9g3466ce,nxb120ab,1
ctvn5bcc,nxb120ab,1
b98i0q0c,nxb120ab,NA
NA,nxb120ab,NA
rmdv0zae,nxb120ab,0
5y5w27n8,nxb120ab,-1
b98i0q0c,nxb120ab,NA
e442rd3v,nxb120ab,1
gcfrvnrq,nxb120ab,NA
9njhgqjt,nxb120ab,NA
b8h8uy0d,nxb120ab,1
8qkm4op5,nxb120ab,0
NA,nxb120ab,NA
qtd4nwnf,nxb120ab,1
tpx46qea,nxb120ab,-1
js5eao29,nxb120ab,1
pv34xizl,nxb120ab,-1
zo8vfvom,nxb120ab,0
nxb120ab,nxb120ab,1
ywj7r6yv,nxb120ab,0
ky74qsy5,nxb120ab,0
u6iy9n7v,nxb120ab,-1
ttgp5d1q,nxb120ab,1
rsqgxgj7,nxb120ab,1
23mbj83y,nxb120ab,0
100,nxb120ab,0
w76lz2ap,nxb120ab,0
fake0,ezfvh1yd,NA
NA,ezfvh1yd,NA
fake,ezfvh1yd,NA
ny7i65xf,ezfvh1yd,0
0ty8p249,ezfvh1yd,-1
wo215i77,ezfvh1yd,0
NA,ezfvh1yd,NA
we8zkaxp,ezfvh1yd,-1
8qy1knb8,ezfvh1yd,0
469aazzl,ezfvh1yd,-1
vnnwzoon,ezfvh1yd,1
kffjpkwm,ezfvh1yd,0
y68rafkq,ezfvh1yd,1
cg5akdum,ezfvh1yd,NA
39grl1tb,ezfvh1yd,0
cl6iwdzj,ezfvh1yd,NA
fyzi3ukn,ezfvh1yd,-1
lvtt31qo,ezfvh1yd,-1
yyx7zv50,ezfvh1yd,-1
e1h602xs,ezfvh1yd,-1
guoa029e,ezfvh1yd,0
xxkx1e1g,ezfvh1yd,1
ezfvh1yd,ezfvh1yd,1
zan8z6cj,ezfvh1yd,0
isrmkgxn,ezfvh1yd,1
9g3466ce,ezfvh1yd,1
ctvn5bcc,ezfvh1yd,1
b98i0q0c,ezfvh1yd,NA
NA,ezfvh1yd,NA
rmdv0zae,ezfvh1yd,1
5y5w27n8,ezfvh1yd,1
b98i0q0c,ezfvh1yd,NA
e442rd3v,ezfvh1yd,0
gcfrvnrq,ezfvh1yd,NA
9njhgqjt,ezfvh1yd,NA
b8h8uy0d,ezfvh1yd,1
8qkm4op5,ezfvh1yd,0
NA,ezfvh1yd,NA
qtd4nwnf,ezfvh1yd,1
tpx46qea,ezfvh1yd,-1
js5eao29,ezfvh1yd,1
pv34xizl,ezfvh1yd,-1
zo8vfvom,ezfvh1yd,1
nxb120ab,ezfvh1yd,1
ywj7r6yv,ezfvh1yd,0
ky74qsy5,ezfvh1yd,0
u6iy9n7v,ezfvh1yd,-1
ttgp5d1q,ezfvh1yd,0
rsqgxgj7,ezfvh1yd,0
23mbj83y,ezfvh1yd,-1
100,ezfvh1yd,0
w76lz2ap,ezfvh1yd,1
fake0,xxkx1e1g,NA
NA,xxkx1e1g,NA
fake,xxkx1e1g,NA
ny7i65xf,xxkx1e1g,1
0ty8p249,xxkx1e1g,1
wo215i77,xxkx1e1g,1
NA,xxkx1e1g,NA
we8zkaxp,xxkx1e1g,1
8qy1knb8,xxkx1e1g,1
469aazzl,xxkx1e1g,0
vnnwzoon,xxkx1e1g,0
kffjpkwm,xxkx1e1g,1
y68rafkq,xxkx1e1g,-1
cg5akdum,xxkx1e1g,NA
39grl1tb,xxkx1e1g,1
cl6iwdzj,xxkx1e1g,NA
fyzi3ukn,xxkx1e1g,1
lvtt31qo,xxkx1e1g,-1
yyx7zv50,xxkx1e1g,1
e1h602xs,xxkx1e1g,1
guoa029e,xxkx1e1g,1
xxkx1e1g,xxkx1e1g,1
ezfvh1yd,xxkx1e1g,-1
zan8z6cj,xxkx1e1g,-1
isrmkgxn,xxkx1e1g,-1
9g3466ce,xxkx1e1g,-1
ctvn5bcc,xxkx1e1g,-1
b98i0q0c,xxkx1e1g,NA
NA,xxkx1e1g,NA
rmdv0zae,xxkx1e1g,-1
5y5w27n8,xxkx1e1g,0
b98i0q0c,xxkx1e1g,NA
e442rd3v,xxkx1e1g,0
gcfrvnrq,xxkx1e1g,NA
9njhgqjt,xxkx1e1g,NA
b8h8uy0d,xxkx1e1g,-1
8qkm4op5,xxkx1e1g,-1
NA,xxkx1e1g,NA
qtd4nwnf,xxkx1e1g,1
tpx46qea,xxkx1e1g,-1
js5eao29,xxkx1e1g,1
pv34xizl,xxkx1e1g,-1
zo8vfvom,xxkx1e1g,-1
nxb120ab,xxkx1e1g,-1
ywj7r6yv,xxkx1e1g,0
ky74qsy5,xxkx1e1g,1
u6iy9n7v,xxkx1e1g,-1
ttgp5d1q,xxkx1e1g,-1
rsqgxgj7,xxkx1e1g,0
23mbj83y,xxkx1e1g,1
100,xxkx1e1g,1
w76lz2ap,xxkx1e1g,1
fake0,ywj7r6yv,NA
NA,ywj7r6yv,NA
fake,ywj7r6yv,NA
ny7i65xf,ywj7r6yv,-1
0ty8p249,ywj7r6yv,-1
wo215i77,ywj7r6yv,1
NA,ywj7r6yv,NA
we8zkaxp,ywj7r6yv,-1
8qy1knb8,ywj7r6yv,-1
469aazzl,ywj7r6yv,0
vnnwzoon,ywj7r6yv,-1
kffjpkwm,ywj7r6yv,-1
y68rafkq,ywj7r6yv,-1
cg5akdum,ywj7r6yv,NA
39grl1tb,ywj7r6yv,0
cl6iwdzj,ywj7r6yv,NA
fyzi3ukn,ywj7r6yv,-1
lvtt31qo,ywj7r6yv,-1
yyx7zv50,ywj7r6yv,-1
e1h602xs,ywj7r6yv,-1
guoa029e,ywj7r6yv,-1
xxkx1e1g,ywj7r6yv,1
ezfvh1yd,ywj7r6yv,-1
zan8z6cj,ywj7r6yv,-1
isrmkgxn,ywj7r6yv,-1
9g3466ce,ywj7r6yv,-1
ctvn5bcc,ywj7r6yv,1
b98i0q0c,ywj7r6yv,NA
NA,ywj7r6yv,NA
rmdv0zae,ywj7r6yv,-1
5y5w27n8,ywj7r6yv,0
b98i0q0c,ywj7r6yv,NA
e442rd3v,ywj7r6yv,0
gcfrvnrq,ywj7r6yv,NA
9njhgqjt,ywj7r6yv,NA
b8h8uy0d,ywj7r6yv,-1
8qkm4op5,ywj7r6yv,0
NA,ywj7r6yv,NA
qtd4nwnf,ywj7r6yv,0
tpx46qea,ywj7r6yv,-1
js5eao29,ywj7r6yv,0
pv34xizl,ywj7r6yv,-1
zo8vfvom,ywj7r6yv,1
nxb120ab,ywj7r6yv,1
ywj7r6yv,ywj7r6yv,0
ky74qsy5,ywj7r6yv,-1
u6iy9n7v,ywj7r6yv,-1
ttgp5d1q,ywj7r6yv,0
rsqgxgj7,ywj7r6yv,1
23mbj83y,ywj7r6yv,1
100,ywj7r6yv,0
w76lz2ap,ywj7r6yv,0
fake0,zan8z6cj,NA
NA,zan8z6cj,NA
fake,zan8z6cj,NA
ny7i65xf,zan8z6cj,-1
0ty8p249,zan8z6cj,1
wo215i77,zan8z6cj,1
NA,zan8z6cj,NA
we8zkaxp,zan8z6cj,-1
8qy1knb8,zan8z6cj,0
469aazzl,zan8z6cj,0
vnnwzoon,zan8z6cj,1
kffjpkwm,zan8z6cj,1
y68rafkq,zan8z6cj,0
cg5akdum,zan8z6cj,NA
39grl1tb,zan8z6cj,0
cl6iwdzj,zan8z6cj,NA
fyzi3ukn,zan8z6cj,1
lvtt31qo,zan8z6cj,1
yyx7zv50,zan8z6cj,-1
e1h602xs,zan8z6cj,-1
guoa029e,zan8z6cj,-1
xxkx1e1g,zan8z6cj,0
ezfvh1yd,zan8z6cj,-1
zan8z6cj,zan8z6cj,1
isrmkgxn,zan8z6cj,-1
9g3466ce,zan8z6cj,0
ctvn5bcc,zan8z6cj,-1
b98i0q0c,zan8z6cj,NA
NA,zan8z6cj,NA
rmdv0zae,zan8z6cj,-1
5y5w27n8,zan8z6cj,0
b98i0q0c,zan8z6cj,NA
e442rd3v,zan8z6cj,-1
gcfrvnrq,zan8z6cj,NA
9njhgqjt,zan8z6cj,NA
b8h8uy0d,zan8z6cj,-1
8qkm4op5,zan8z6cj,1
NA,zan8z6cj,NA
qtd4nwnf,zan8z6cj,0
tpx46qea,zan8z6cj,-1
js5eao29,zan8z6cj,1
pv34xizl,zan8z6cj,1
zo8vfvom,zan8z6cj,0
nxb120ab,zan8z6cj,0
ywj7r6yv,zan8z6cj,0
ky74qsy5,zan8z6cj,1
u6iy9n7v,zan8z6cj,0
ttgp5d1q,zan8z6cj,1
rsqgxgj7,zan8z6cj,-1
23mbj83y,zan8z6cj,-1
100,zan8z6cj,1
w76lz2ap,zan8z6cj,1
fake0,js5eao29,NA
NA,js5eao29,NA
fake,js5eao29,NA
ny7i65xf,js5eao29,-1
0ty8p249,js5eao29,-1
wo215i77,js5eao29,1
NA,js5eao29,NA
we8zkaxp,js5eao29,-1
8qy1knb8,js5eao29,0
469aazzl,js5eao29,0
vnnwzoon,js5eao29,0
kffjpkwm,js5eao29,0
y68rafkq,js5eao29,-1
cg5akdum,js5eao29,NA
39grl1tb,js5eao29,0
cl6iwdzj,js5eao29,NA
fyzi3ukn,js5eao29,0
lvtt31qo,js5eao29,0
yyx7zv50,js5eao29,-1
e1h602xs,js5eao29,-1
guoa029e,js5eao29,-1
xxkx1e1g,js5eao29,0
ezfvh1yd,js5eao29,-1
zan8z6cj,js5eao29,1
isrmkgxn,js5eao29,-1
9g3466ce,js5eao29,0
ctvn5bcc,js5eao29,1
b98i0q0c,js5eao29,NA
NA,js5eao29,NA
rmdv0zae,js5eao29,0
5y5w27n8,js5eao29,-1
b98i0q0c,js5eao29,NA
e442rd3v,js5eao29,0
gcfrvnrq,js5eao29,NA
9njhgqjt,js5eao29,NA
b8h8uy0d,js5eao29,-1
8qkm4op5,js5eao29,1
NA,js5eao29,NA
qtd4nwnf,js5eao29,-1
tpx46qea,js5eao29,0
js5eao29,js5eao29,1
pv34xizl,js5eao29,1
zo8vfvom,js5eao29,1
nxb120ab,js5eao29,-1
ywj7r6yv,js5eao29,0
ky74qsy5,js5eao29,-1
u6iy9n7v,js5eao29,-1
ttgp5d1q,js5eao29,1
rsqgxgj7,js5eao29,0
23mbj83y,js5eao29,-1
100,js5eao29,0
w76lz2ap,js5eao29,1
fake0,0ty8p249,NA
NA,0ty8p249,NA
fake,0ty8p249,NA
ny7i65xf,0ty8p249,-1
0ty8p249,0ty8p249,1
wo215i77,0ty8p249,1
NA,0ty8p249,NA
we8zkaxp,0ty8p249,1
8qy1knb8,0ty8p249,0
469aazzl,0ty8p249,0
vnnwzoon,0ty8p249,0
kffjpkwm,0ty8p249,1
y68rafkq,0ty8p249,-1
cg5akdum,0ty8p249,NA
39grl1tb,0ty8p249,1
cl6iwdzj,0ty8p249,NA
fyzi3ukn,0ty8p249,0
lvtt31qo,0ty8p249,-1
yyx7zv50,0ty8p249,1
e1h602xs,0ty8p249,1
guoa029e,0ty8p249,0
xxkx1e1g,0ty8p249,1
ezfvh1yd,0ty8p249,-1
zan8z6cj,0ty8p249,0
isrmkgxn,0ty8p249,-1
9g3466ce,0ty8p249,0
ctvn5bcc,0ty8p249,-1
b98i0q0c,0ty8p249,NA
NA,0ty8p249,NA
rmdv0zae,0ty8p249,-1
5y5w27n8,0ty8p249,1
b98i0q0c,0ty8p249,NA
e442rd3v,0ty8p249,0
gcfrvnrq,0ty8p249,NA
9njhgqjt,0ty8p249,NA
b8h8uy0d,0ty8p249,-1
8qkm4op5,0ty8p249,0
NA,0ty8p249,NA
qtd4nwnf,0ty8p249,1
tpx46qea,0ty8p249,-1
js5eao29,0ty8p249,0
pv34xizl,0ty8p249,-1
zo8vfvom,0ty8p249,1
nxb120ab,0ty8p249,-1
ywj7r6yv,0ty8p249,0
ky74qsy5,0ty8p249,0
u6iy9n7v,0ty8p249,-1
ttgp5d1q,0ty8p249,-1
rsqgxgj7,0ty8p249,1
23mbj83y,0ty8p249,1
100,0ty8p249,0
w76lz2ap,0ty8p249,1
fake0,8qkm4op5,NA
NA,8qkm4op5,NA
fake,8qkm4op5,NA
ny7i65xf,8qkm4op5,-1
0ty8p249,8qkm4op5,-1
wo215i77,8qkm4op5,-1
NA,8qkm4op5,NA
we8zkaxp,8qkm4op5,-1
8qy1knb8,8qkm4op5,-1
469aazzl,8qkm4op5,-1
vnnwzoon,8qkm4op5,0
kffjpkwm,8qkm4op5,1
y68rafkq,8qkm4op5,-1
cg5akdum,8qkm4op5,NA
39grl1tb,8qkm4op5,-1
cl6iwdzj,8qkm4op5,NA
fyzi3ukn,8qkm4op5,-1
lvtt31qo,8qkm4op5,-1
yyx7zv50,8qkm4op5,-1
e1h602xs,8qkm4op5,-1
guoa029e,8qkm4op5,-1
xxkx1e1g,8qkm4op5,0
ezfvh1yd,8qkm4op5,-1
zan8z6cj,8qkm4op5,0
isrmkgxn,8qkm4op5,1
9g3466ce,8qkm4op5,-1
ctvn5bcc,8qkm4op5,-1
b98i0q0c,8qkm4op5,NA
NA,8qkm4op5,NA
rmdv0zae,8qkm4op5,0
5y5w27n8,8qkm4op5,1
b98i0q0c,8qkm4op5,NA
e442rd3v,8qkm4op5,1
gcfrvnrq,8qkm4op5,NA
9njhgqjt,8qkm4op5,NA
b8h8uy0d,8qkm4op5,1
8qkm4op5,8qkm4op5,1
NA,8qkm4op5,NA
qtd4nwnf,8qkm4op5,1
tpx46qea,8qkm4op5,-1
js5eao29,8qkm4op5,1
pv34xizl,8qkm4op5,-1
zo8vfvom,8qkm4op5,1
nxb120ab,8qkm4op5,1
ywj7r6yv,8qkm4op5,0
ky74qsy5,8qkm4op5,0
u6iy9n7v,8qkm4op5,0
ttgp5d1q,8qkm4op5,-1
rsqgxgj7,8qkm4op5,0
23mbj83y,8qkm4op5,-1
100,8qkm4op5,0
w76lz2ap,8qkm4op5,1
fake0,w76lz2ap,NA
NA,w76lz2ap,NA
fake,w76lz2ap,NA
ny7i65xf,w76lz2ap,-1
0ty8p249,w76lz2ap,1
wo215i77,w76lz2ap,1
NA,w76lz2ap,NA
we8zkaxp,w76lz2ap,1
8qy1knb8,w76lz2ap,0
469aazzl,w76lz2ap,-1
vnnwzoon,w76lz2ap,-1
kffjpkwm,w76lz2ap,1
y68rafkq,w76lz2ap,-1
cg5akdum,w76lz2ap,NA
39grl1tb,w76lz2ap,1
cl6iwdzj,w76lz2ap,NA
fyzi3ukn,w76lz2ap,-1
lvtt31qo,w76lz2ap,-1
yyx7zv50,w76lz2ap,-1
e1h602xs,w76lz2ap,-1
guoa029e,w76lz2ap,-1
xxkx1e1g,w76lz2ap,1
ezfvh1yd,w76lz2ap,0
zan8z6cj,w76lz2ap,1
isrmkgxn,w76lz2ap,-1
9g3466ce,w76lz2ap,0
ctvn5bcc,w76lz2ap,-1
b98i0q0c,w76lz2ap,NA
NA,w76lz2ap,NA
rmdv0zae,w76lz2ap,0
5y5w27n8,w76lz2ap,1
b98i0q0c,w76lz2ap,NA
e442rd3v,w76lz2ap,0
gcfrvnrq,w76lz2ap,NA
9njhgqjt,w76lz2ap,NA
b8h8uy0d,w76lz2ap,0
8qkm4op5,w76lz2ap,1
NA,w76lz2ap,NA
qtd4nwnf,w76lz2ap,-1
tpx46qea,w76lz2ap,-1
js5eao29,w76lz2ap,1
pv34xizl,w76lz2ap,1
zo8vfvom,w76lz2ap,-1
nxb120ab,w76lz2ap,-1
ywj7r6yv,w76lz2ap,0
ky74qsy5,w76lz2ap,0
u6iy9n7v,w76lz2ap,-1
ttgp5d1q,w76lz2ap,1
rsqgxgj7,w76lz2ap,0
23mbj83y,w76lz2ap,1
100,w76lz2ap,0
w76lz2ap,w76lz2ap,1
fake0,isrmkgxn,NA
NA,isrmkgxn,NA
fake,isrmkgxn,NA
ny7i65xf,isrmkgxn,-1
0ty8p249,isrmkgxn,0
wo215i77,isrmkgxn,1
NA,isrmkgxn,NA
we8zkaxp,isrmkgxn,0
8qy1knb8,isrmkgxn,0
469aazzl,isrmkgxn,-1
vnnwzoon,isrmkgxn,1
kffjpkwm,isrmkgxn,0
y68rafkq,isrmkgxn,1
cg5akdum,isrmkgxn,NA
39grl1tb,isrmkgxn,-1
cl6iwdzj,isrmkgxn,NA
fyzi3ukn,isrmkgxn,-1
lvtt31qo,isrmkgxn,-1
yyx7zv50,isrmkgxn,-1
e1h602xs,isrmkgxn,-1
guoa029e,isrmkgxn,-1
xxkx1e1g,isrmkgxn,0
ezfvh1yd,isrmkgxn,1
zan8z6cj,isrmkgxn,0
isrmkgxn,isrmkgxn,1
9g3466ce,isrmkgxn,1
ctvn5bcc,isrmkgxn,-1
b98i0q0c,isrmkgxn,NA
NA,isrmkgxn,NA
rmdv0zae,isrmkgxn,1
5y5w27n8,isrmkgxn,0
b98i0q0c,isrmkgxn,NA
e442rd3v,isrmkgxn,0
gcfrvnrq,isrmkgxn,NA
9njhgqjt,isrmkgxn,NA
b8h8uy0d,isrmkgxn,1
8qkm4op5,isrmkgxn,1
NA,isrmkgxn,NA
qtd4nwnf,isrmkgxn,1
tpx46qea,isrmkgxn,-1
js5eao29,isrmkgxn,0
pv34xizl,isrmkgxn,0
zo8vfvom,isrmkgxn,1
nxb120ab,isrmkgxn,1
ywj7r6yv,isrmkgxn,0
ky74qsy5,isrmkgxn,0
u6iy9n7v,isrmkgxn,-1
ttgp5d1q,isrmkgxn,0
rsqgxgj7,isrmkgxn,1
23mbj83y,isrmkgxn,-1
100,isrmkgxn,0
w76lz2ap,isrmkgxn,0
fake0,kffjpkwm,NA
NA,kffjpkwm,NA
fake,kffjpkwm,NA
ny7i65xf,kffjpkwm,0
0ty8p249,kffjpkwm,1
wo215i77,kffjpkwm,1
NA,kffjpkwm,NA
we8zkaxp,kffjpkwm,1
8qy1knb8,kffjpkwm,1
469aazzl,kffjpkwm,0
vnnwzoon,kffjpkwm,-1
kffjpkwm,kffjpkwm,0
y68rafkq,kffjpkwm,-1
cg5akdum,kffjpkwm,NA
39grl1tb,kffjpkwm,1
cl6iwdzj,kffjpkwm,NA
fyzi3ukn,kffjpkwm,0
lvtt31qo,kffjpkwm,-1
yyx7zv50,kffjpkwm,1
e1h602xs,kffjpkwm,1
guoa029e,kffjpkwm,-1
xxkx1e1g,kffjpkwm,1
ezfvh1yd,kffjpkwm,-1
zan8z6cj,kffjpkwm,0
isrmkgxn,kffjpkwm,0
9g3466ce,kffjpkwm,-1
ctvn5bcc,kffjpkwm,-1
b98i0q0c,kffjpkwm,NA
NA,kffjpkwm,NA
rmdv0zae,kffjpkwm,-1
5y5w27n8,kffjpkwm,1
b98i0q0c,kffjpkwm,NA
e442rd3v,kffjpkwm,0
gcfrvnrq,kffjpkwm,NA
9njhgqjt,kffjpkwm,NA
b8h8uy0d,kffjpkwm,-1
8qkm4op5,kffjpkwm,1
NA,kffjpkwm,NA
qtd4nwnf,kffjpkwm,-1
tpx46qea,kffjpkwm,-1
js5eao29,kffjpkwm,0
pv34xizl,kffjpkwm,-1
zo8vfvom,kffjpkwm,1
nxb120ab,kffjpkwm,-1
ywj7r6yv,kffjpkwm,0
ky74qsy5,kffjpkwm,-1
u6iy9n7v,kffjpkwm,-1
ttgp5d1q,kffjpkwm,-1
rsqgxgj7,kffjpkwm,0
23mbj83y,kffjpkwm,1
100,kffjpkwm,0
w76lz2ap,kffjpkwm,1
fake0,b8h8uy0d,NA
NA,b8h8uy0d,NA
fake,b8h8uy0d,NA
ny7i65xf,b8h8uy0d,-1
0ty8p249,b8h8uy0d,0
wo215i77,b8h8uy0d,1
NA,b8h8uy0d,NA
we8zkaxp,b8h8uy0d,-1
8qy1knb8,b8h8uy0d,0
469aazzl,b8h8uy0d,-1
vnnwzoon,b8h8uy0d,1
kffjpkwm,b8h8uy0d,-1
y68rafkq,b8h8uy0d,1
cg5akdum,b8h8uy0d,NA
39grl1tb,b8h8uy0d,-1
cl6iwdzj,b8h8uy0d,NA
fyzi3ukn,b8h8uy0d,-1
lvtt31qo,b8h8uy0d,-1
yyx7zv50,b8h8uy0d,-1
e1h602xs,b8h8uy0d,-1
guoa029e,b8h8uy0d,-1
xxkx1e1g,b8h8uy0d,0
ezfvh1yd,b8h8uy0d,1
zan8z6cj,b8h8uy0d,0
isrmkgxn,b8h8uy0d,1
9g3466ce,b8h8uy0d,1
ctvn5bcc,b8h8uy0d,-1
b98i0q0c,b8h8uy0d,NA
NA,b8h8uy0d,NA
rmdv0zae,b8h8uy0d,1
5y5w27n8,b8h8uy0d,-1
b98i0q0c,b8h8uy0d,NA
e442rd3v,b8h8uy0d,0
gcfrvnrq,b8h8uy0d,NA
9njhgqjt,b8h8uy0d,NA
b8h8uy0d,b8h8uy0d,1
8qkm4op5,b8h8uy0d,1
NA,b8h8uy0d,NA
qtd4nwnf,b8h8uy0d,1
tpx46qea,b8h8uy0d,NA
js5eao29,b8h8uy0d,0
pv34xizl,b8h8uy0d,-1
zo8vfvom,b8h8uy0d,1
nxb120ab,b8h8uy0d,1
ywj7r6yv,b8h8uy0d,0
ky74qsy5,b8h8uy0d,-1
u6iy9n7v,b8h8uy0d,-1
ttgp5d1q,b8h8uy0d,-1
rsqgxgj7,b8h8uy0d,1
23mbj83y,b8h8uy0d,-1
100,b8h8uy0d,1
w76lz2ap,b8h8uy0d,0
fake0,469aazzl,NA
NA,469aazzl,NA
fake,469aazzl,NA
ny7i65xf,469aazzl,0
0ty8p249,469aazzl,1
wo215i77,469aazzl,1
NA,469aazzl,NA
we8zkaxp,469aazzl,0
8qy1knb8,469aazzl,1
469aazzl,469aazzl,1
vnnwzoon,469aazzl,0
kffjpkwm,469aazzl,1
y68rafkq,469aazzl,-1
cg5akdum,469aazzl,NA
39grl1tb,469aazzl,0
cl6iwdzj,469aazzl,NA
fyzi3ukn,469aazzl,-1
lvtt31qo,469aazzl,0
yyx7zv50,469aazzl,-1
e1h602xs,469aazzl,0
guoa029e,469aazzl,1
xxkx1e1g,469aazzl,1
ezfvh1yd,469aazzl,-1
zan8z6cj,469aazzl,0
isrmkgxn,469aazzl,-1
9g3466ce,469aazzl,-1
ctvn5bcc,469aazzl,1
b98i0q0c,469aazzl,NA
NA,469aazzl,NA
rmdv0zae,469aazzl,0
5y5w27n8,469aazzl,-1
b98i0q0c,469aazzl,NA
e442rd3v,469aazzl,0
gcfrvnrq,469aazzl,NA
9njhgqjt,469aazzl,NA
b8h8uy0d,469aazzl,0
8qkm4op5,469aazzl,-1
NA,469aazzl,NA
qtd4nwnf,469aazzl,-1
tpx46qea,469aazzl,NA
js5eao29,469aazzl,0
pv34xizl,469aazzl,0
zo8vfvom,469aazzl,1
nxb120ab,469aazzl,-1
ywj7r6yv,469aazzl,0
ky74qsy5,469aazzl,0
u6iy9n7v,469aazzl,-1
ttgp5d1q,469aazzl,-1
rsqgxgj7,469aazzl,0
23mbj83y,469aazzl,-1
100,469aazzl,0
w76lz2ap,469aazzl,-1
fake0,rsqgxgj7,NA
NA,rsqgxgj7,NA
fake,rsqgxgj7,NA
ny7i65xf,rsqgxgj7,0
0ty8p249,rsqgxgj7,-1
wo215i77,rsqgxgj7,-1
NA,rsqgxgj7,NA
we8zkaxp,rsqgxgj7,0
8qy1knb8,rsqgxgj7,-1
469aazzl,rsqgxgj7,-1
vnnwzoon,rsqgxgj7,-1
kffjpkwm,rsqgxgj7,0
y68rafkq,rsqgxgj7,-1
cg5akdum,rsqgxgj7,NA
39grl1tb,rsqgxgj7,-1
cl6iwdzj,rsqgxgj7,NA
fyzi3ukn,rsqgxgj7,-1
lvtt31qo,rsqgxgj7,-1
yyx7zv50,rsqgxgj7,-1
e1h602xs,rsqgxgj7,-1
guoa029e,rsqgxgj7,-1
xxkx1e1g,rsqgxgj7,0
ezfvh1yd,rsqgxgj7,-1
zan8z6cj,rsqgxgj7,-1
isrmkgxn,rsqgxgj7,1
9g3466ce,rsqgxgj7,-1
ctvn5bcc,rsqgxgj7,1
b98i0q0c,rsqgxgj7,NA
NA,rsqgxgj7,NA
rmdv0zae,rsqgxgj7,-1
5y5w27n8,rsqgxgj7,-1
b98i0q0c,rsqgxgj7,NA
e442rd3v,rsqgxgj7,0
gcfrvnrq,rsqgxgj7,NA
9njhgqjt,rsqgxgj7,NA
b8h8uy0d,rsqgxgj7,NA
8qkm4op5,rsqgxgj7,-1
NA,rsqgxgj7,NA
qtd4nwnf,rsqgxgj7,-1
tpx46qea,rsqgxgj7,-1
js5eao29,rsqgxgj7,-1
pv34xizl,rsqgxgj7,-1
zo8vfvom,rsqgxgj7,-1
nxb120ab,rsqgxgj7,-1
ywj7r6yv,rsqgxgj7,0
ky74qsy5,rsqgxgj7,1
u6iy9n7v,rsqgxgj7,1
ttgp5d1q,rsqgxgj7,-1
rsqgxgj7,rsqgxgj7,1
23mbj83y,rsqgxgj7,1
100,rsqgxgj7,1
w76lz2ap,rsqgxgj7,-1
fake0,e442rd3v,NA
NA,e442rd3v,NA
fake,e442rd3v,NA
ny7i65xf,e442rd3v,-1
0ty8p249,e442rd3v,-1
wo215i77,e442rd3v,0
NA,e442rd3v,NA
we8zkaxp,e442rd3v,-1
8qy1knb8,e442rd3v,-1
469aazzl,e442rd3v,-1
vnnwzoon,e442rd3v,-1
kffjpkwm,e442rd3v,-1
y68rafkq,e442rd3v,-1
cg5akdum,e442rd3v,NA
39grl1tb,e442rd3v,1
cl6iwdzj,e442rd3v,NA
fyzi3ukn,e442rd3v,-1
lvtt31qo,e442rd3v,-1
yyx7zv50,e442rd3v,-1
e1h602xs,e442rd3v,-1
guoa029e,e442rd3v,-1
xxkx1e1g,e442rd3v,-1
ezfvh1yd,e442rd3v,-1
zan8z6cj,e442rd3v,0
isrmkgxn,e442rd3v,-1
9g3466ce,e442rd3v,-1
ctvn5bcc,e442rd3v,1
b98i0q0c,e442rd3v,NA
NA,e442rd3v,NA
rmdv0zae,e442rd3v,-1
5y5w27n8,e442rd3v,-1
b98i0q0c,e442rd3v,NA
e442rd3v,e442rd3v,0
gcfrvnrq,e442rd3v,NA
9njhgqjt,e442rd3v,NA
b8h8uy0d,e442rd3v,NA
8qkm4op5,e442rd3v,-1
NA,e442rd3v,NA
qtd4nwnf,e442rd3v,-1
tpx46qea,e442rd3v,1
js5eao29,e442rd3v,-1
pv34xizl,e442rd3v,-1
zo8vfvom,e442rd3v,0
nxb120ab,e442rd3v,0
ywj7r6yv,e442rd3v,0
ky74qsy5,e442rd3v,-1
u6iy9n7v,e442rd3v,-1
ttgp5d1q,e442rd3v,-1
rsqgxgj7,e442rd3v,-1
23mbj83y,e442rd3v,-1
100,e442rd3v,0
w76lz2ap,e442rd3v,-1
fake0,e442rd3v,NA
NA,e442rd3v,NA
fake,e442rd3v,NA
ny7i65xf,e442rd3v,-1
0ty8p249,e442rd3v,-1
wo215i77,e442rd3v,0
NA,e442rd3v,NA
we8zkaxp,e442rd3v,-1
8qy1knb8,e442rd3v,-1
469aazzl,e442rd3v,-1
vnnwzoon,e442rd3v,-1
kffjpkwm,e442rd3v,-1
y68rafkq,e442rd3v,1
cg5akdum,e442rd3v,NA
39grl1tb,e442rd3v,-1
cl6iwdzj,e442rd3v,NA
fyzi3ukn,e442rd3v,-1
lvtt31qo,e442rd3v,-1
yyx7zv50,e442rd3v,-1
e1h602xs,e442rd3v,-1
guoa029e,e442rd3v,-1
xxkx1e1g,e442rd3v,-1
ezfvh1yd,e442rd3v,-1
zan8z6cj,e442rd3v,0
isrmkgxn,e442rd3v,-1
9g3466ce,e442rd3v,-1
ctvn5bcc,e442rd3v,NA
b98i0q0c,e442rd3v,NA
NA,e442rd3v,NA
rmdv0zae,e442rd3v,-1
5y5w27n8,e442rd3v,-1
b98i0q0c,e442rd3v,NA
e442rd3v,e442rd3v,0
gcfrvnrq,e442rd3v,NA
9njhgqjt,e442rd3v,NA
b8h8uy0d,e442rd3v,NA
8qkm4op5,e442rd3v,NA
NA,e442rd3v,NA
qtd4nwnf,e442rd3v,-1
tpx46qea,e442rd3v,1
js5eao29,e442rd3v,-1
pv34xizl,e442rd3v,-1
zo8vfvom,e442rd3v,0
nxb120ab,e442rd3v,NA
ywj7r6yv,e442rd3v,0
ky74qsy5,e442rd3v,-1
u6iy9n7v,e442rd3v,-1
ttgp5d1q,e442rd3v,-1
rsqgxgj7,e442rd3v,-1
23mbj83y,e442rd3v,-1
100,e442rd3v,0
w76lz2ap,e442rd3v,-1
fake0,ky74qsy5,NA
NA,ky74qsy5,NA
fake,ky74qsy5,NA
ny7i65xf,ky74qsy5,0
0ty8p249,ky74qsy5,-1
wo215i77,ky74qsy5,1
NA,ky74qsy5,NA
we8zkaxp,ky74qsy5,-1
8qy1knb8,ky74qsy5,-1
469aazzl,ky74qsy5,-1
vnnwzoon,ky74qsy5,-1
kffjpkwm,ky74qsy5,-1
y68rafkq,ky74qsy5,-1
cg5akdum,ky74qsy5,NA
39grl1tb,ky74qsy5,0
cl6iwdzj,ky74qsy5,NA
fyzi3ukn,ky74qsy5,1
lvtt31qo,ky74qsy5,-1
yyx7zv50,ky74qsy5,-1
e1h602xs,ky74qsy5,0
guoa029e,ky74qsy5,-1
xxkx1e1g,ky74qsy5,0
ezfvh1yd,ky74qsy5,-1
zan8z6cj,ky74qsy5,0
isrmkgxn,ky74qsy5,-1
9g3466ce,ky74qsy5,-1
ctvn5bcc,ky74qsy5,1
b98i0q0c,ky74qsy5,NA
NA,ky74qsy5,NA
rmdv0zae,ky74qsy5,-1
5y5w27n8,ky74qsy5,-1
b98i0q0c,ky74qsy5,NA
e442rd3v,ky74qsy5,0
gcfrvnrq,ky74qsy5,NA
9njhgqjt,ky74qsy5,NA
b8h8uy0d,ky74qsy5,NA
8qkm4op5,ky74qsy5,-1
NA,ky74qsy5,NA
qtd4nwnf,ky74qsy5,-1
tpx46qea,ky74qsy5,-1
js5eao29,ky74qsy5,0
pv34xizl,ky74qsy5,-1
zo8vfvom,ky74qsy5,1
nxb120ab,ky74qsy5,-1
ywj7r6yv,ky74qsy5,0
ky74qsy5,ky74qsy5,1
u6iy9n7v,ky74qsy5,1
ttgp5d1q,ky74qsy5,1
rsqgxgj7,ky74qsy5,1
23mbj83y,ky74qsy5,1
100,ky74qsy5,1
w76lz2ap,ky74qsy5,-1
fake0,ny7i65xf,NA
NA,ny7i65xf,NA
fake,ny7i65xf,NA
ny7i65xf,ny7i65xf,1
0ty8p249,ny7i65xf,1
wo215i77,ny7i65xf,1
NA,ny7i65xf,NA
we8zkaxp,ny7i65xf,0
8qy1knb8,ny7i65xf,-1
469aazzl,ny7i65xf,-1
vnnwzoon,ny7i65xf,-1
kffjpkwm,ny7i65xf,0
y68rafkq,ny7i65xf,-1
cg5akdum,ny7i65xf,NA
39grl1tb,ny7i65xf,1
cl6iwdzj,ny7i65xf,NA
fyzi3ukn,ny7i65xf,0
lvtt31qo,ny7i65xf,-1
yyx7zv50,ny7i65xf,1
e1h602xs,ny7i65xf,1
guoa029e,ny7i65xf,-1
xxkx1e1g,ny7i65xf,1
ezfvh1yd,ny7i65xf,-1
zan8z6cj,ny7i65xf,-1
isrmkgxn,ny7i65xf,-1
9g3466ce,ny7i65xf,-1
ctvn5bcc,ny7i65xf,0
b98i0q0c,ny7i65xf,NA
NA,ny7i65xf,NA
rmdv0zae,ny7i65xf,-1
5y5w27n8,ny7i65xf,-1
b98i0q0c,ny7i65xf,NA
e442rd3v,ny7i65xf,0
gcfrvnrq,ny7i65xf,NA
9njhgqjt,ny7i65xf,NA
b8h8uy0d,ny7i65xf,NA
8qkm4op5,ny7i65xf,-1
NA,ny7i65xf,NA
qtd4nwnf,ny7i65xf,-1
tpx46qea,ny7i65xf,-1
js5eao29,ny7i65xf,-1
pv34xizl,ny7i65xf,-1
zo8vfvom,ny7i65xf,1
nxb120ab,ny7i65xf,-1
ywj7r6yv,ny7i65xf,0
ky74qsy5,ny7i65xf,1
u6iy9n7v,ny7i65xf,1
ttgp5d1q,ny7i65xf,-1
rsqgxgj7,ny7i65xf,1
23mbj83y,ny7i65xf,1
100,ny7i65xf,0
w76lz2ap,ny7i65xf,-1
fake0,we8zkaxp,NA
NA,we8zkaxp,NA
fake,we8zkaxp,NA
ny7i65xf,we8zkaxp,0
0ty8p249,we8zkaxp,1
wo215i77,we8zkaxp,1
NA,we8zkaxp,NA
we8zkaxp,we8zkaxp,1
8qy1knb8,we8zkaxp,1
469aazzl,we8zkaxp,0
vnnwzoon,we8zkaxp,-1
kffjpkwm,we8zkaxp,1
y68rafkq,we8zkaxp,-1
cg5akdum,we8zkaxp,NA
39grl1tb,we8zkaxp,1
cl6iwdzj,we8zkaxp,NA
fyzi3ukn,we8zkaxp,1
lvtt31qo,we8zkaxp,0
yyx7zv50,we8zkaxp,1
e1h602xs,we8zkaxp,1
guoa029e,we8zkaxp,-1
xxkx1e1g,we8zkaxp,1
ezfvh1yd,we8zkaxp,-1
zan8z6cj,we8zkaxp,0
isrmkgxn,we8zkaxp,0
9g3466ce,we8zkaxp,-1
ctvn5bcc,we8zkaxp,0
b98i0q0c,we8zkaxp,NA
NA,we8zkaxp,NA
rmdv0zae,we8zkaxp,-1
5y5w27n8,we8zkaxp,1
b98i0q0c,we8zkaxp,NA
e442rd3v,we8zkaxp,0
gcfrvnrq,we8zkaxp,NA
9njhgqjt,we8zkaxp,NA
b8h8uy0d,we8zkaxp,NA
8qkm4op5,we8zkaxp,-1
NA,we8zkaxp,NA
qtd4nwnf,we8zkaxp,-1
tpx46qea,we8zkaxp,-1
js5eao29,we8zkaxp,0
pv34xizl,we8zkaxp,-1
zo8vfvom,we8zkaxp,0
nxb120ab,we8zkaxp,-1
ywj7r6yv,we8zkaxp,0
ky74qsy5,we8zkaxp,-1
u6iy9n7v,we8zkaxp,1
ttgp5d1q,we8zkaxp,-1
rsqgxgj7,we8zkaxp,-1
23mbj83y,we8zkaxp,1
100,we8zkaxp,0
w76lz2ap,we8zkaxp,1
fake0,e1h602xs,NA
NA,e1h602xs,NA
fake,e1h602xs,NA
ny7i65xf,e1h602xs,1
0ty8p249,e1h602xs,1
wo215i77,e1h602xs,1
NA,e1h602xs,NA
we8zkaxp,e1h602xs,1
8qy1knb8,e1h602xs,0
469aazzl,e1h602xs,0
vnnwzoon,e1h602xs,-1
kffjpkwm,e1h602xs,1
y68rafkq,e1h602xs,-1
cg5akdum,e1h602xs,NA
39grl1tb,e1h602xs,1
cl6iwdzj,e1h602xs,NA
fyzi3ukn,e1h602xs,1
lvtt31qo,e1h602xs,-1
yyx7zv50,e1h602xs,1
e1h602xs,e1h602xs,1
guoa029e,e1h602xs,-1
xxkx1e1g,e1h602xs,1
ezfvh1yd,e1h602xs,-1
zan8z6cj,e1h602xs,0
isrmkgxn,e1h602xs,-1
9g3466ce,e1h602xs,-1
ctvn5bcc,e1h602xs,0
b98i0q0c,e1h602xs,NA
NA,e1h602xs,NA
rmdv0zae,e1h602xs,-1
5y5w27n8,e1h602xs,-1
b98i0q0c,e1h602xs,NA
e442rd3v,e1h602xs,0
gcfrvnrq,e1h602xs,NA
9njhgqjt,e1h602xs,NA
b8h8uy0d,e1h602xs,NA
8qkm4op5,e1h602xs,-1
NA,e1h602xs,NA
qtd4nwnf,e1h602xs,-1
tpx46qea,e1h602xs,-1
js5eao29,e1h602xs,-1
pv34xizl,e1h602xs,-1
zo8vfvom,e1h602xs,-1
nxb120ab,e1h602xs,-1
ywj7r6yv,e1h602xs,0
ky74qsy5,e1h602xs,1
u6iy9n7v,e1h602xs,1
ttgp5d1q,e1h602xs,0
rsqgxgj7,e1h602xs,1
23mbj83y,e1h602xs,1
100,e1h602xs,0
w76lz2ap,e1h602xs,-1
fake0,ctvn5bcc,NA
NA,ctvn5bcc,NA
fake,ctvn5bcc,NA
ny7i65xf,ctvn5bcc,-1
0ty8p249,ctvn5bcc,-1
wo215i77,ctvn5bcc,0
NA,ctvn5bcc,NA
we8zkaxp,ctvn5bcc,-1
8qy1knb8,ctvn5bcc,1
469aazzl,ctvn5bcc,0
vnnwzoon,ctvn5bcc,-1
kffjpkwm,ctvn5bcc,0
y68rafkq,ctvn5bcc,-1
cg5akdum,ctvn5bcc,NA
39grl1tb,ctvn5bcc,0
cl6iwdzj,ctvn5bcc,NA
fyzi3ukn,ctvn5bcc,0
lvtt31qo,ctvn5bcc,-1
yyx7zv50,ctvn5bcc,-1
e1h602xs,ctvn5bcc,-1
guoa029e,ctvn5bcc,-1
xxkx1e1g,ctvn5bcc,0
ezfvh1yd,ctvn5bcc,1
zan8z6cj,ctvn5bcc,0
isrmkgxn,ctvn5bcc,-1
9g3466ce,ctvn5bcc,0
ctvn5bcc,ctvn5bcc,0
b98i0q0c,ctvn5bcc,NA
NA,ctvn5bcc,NA
rmdv0zae,ctvn5bcc,0
5y5w27n8,ctvn5bcc,1
b98i0q0c,ctvn5bcc,NA
e442rd3v,ctvn5bcc,1
gcfrvnrq,ctvn5bcc,NA
9njhgqjt,ctvn5bcc,NA
b8h8uy0d,ctvn5bcc,NA
8qkm4op5,ctvn5bcc,1
NA,ctvn5bcc,NA
qtd4nwnf,ctvn5bcc,-1
tpx46qea,ctvn5bcc,-1
js5eao29,ctvn5bcc,0
pv34xizl,ctvn5bcc,-1
zo8vfvom,ctvn5bcc,1
nxb120ab,ctvn5bcc,0
ywj7r6yv,ctvn5bcc,0
ky74qsy5,ctvn5bcc,-1
u6iy9n7v,ctvn5bcc,-1
ttgp5d1q,ctvn5bcc,-1
rsqgxgj7,ctvn5bcc,1
23mbj83y,ctvn5bcc,-1
100,ctvn5bcc,0
w76lz2ap,ctvn5bcc,-1
fake0,wo215i77,NA
NA,wo215i77,NA
fake,wo215i77,NA
ny7i65xf,wo215i77,0
0ty8p249,wo215i77,1
wo215i77,wo215i77,1
NA,wo215i77,NA
we8zkaxp,wo215i77,1
8qy1knb8,wo215i77,0
469aazzl,wo215i77,0
vnnwzoon,wo215i77,-1
kffjpkwm,wo215i77,1
y68rafkq,wo215i77,-1
cg5akdum,wo215i77,NA
39grl1tb,wo215i77,1
cl6iwdzj,wo215i77,NA
fyzi3ukn,wo215i77,1
lvtt31qo,wo215i77,-1
yyx7zv50,wo215i77,1
e1h602xs,wo215i77,1
guoa029e,wo215i77,-1
xxkx1e1g,wo215i77,1
ezfvh1yd,wo215i77,-1
zan8z6cj,wo215i77,0
isrmkgxn,wo215i77,-1
9g3466ce,wo215i77,0
ctvn5bcc,wo215i77,NA
b98i0q0c,wo215i77,NA
NA,wo215i77,NA
rmdv0zae,wo215i77,-1
5y5w27n8,wo215i77,1
b98i0q0c,wo215i77,NA
e442rd3v,wo215i77,0
gcfrvnrq,wo215i77,NA
9njhgqjt,wo215i77,NA
b8h8uy0d,wo215i77,NA
8qkm4op5,wo215i77,-1
NA,wo215i77,NA
qtd4nwnf,wo215i77,1
tpx46qea,wo215i77,NA
js5eao29,wo215i77,0
pv34xizl,wo215i77,-1
zo8vfvom,wo215i77,-1
nxb120ab,wo215i77,-1
ywj7r6yv,wo215i77,0
ky74qsy5,wo215i77,1
u6iy9n7v,wo215i77,-1
ttgp5d1q,wo215i77,1
rsqgxgj7,wo215i77,1
23mbj83y,wo215i77,-1
100,wo215i77,1
w76lz2ap,wo215i77,0
fake0,rmdv0zae,NA
NA,rmdv0zae,NA
fake,rmdv0zae,NA
ny7i65xf,rmdv0zae,-1
0ty8p249,rmdv0zae,-1
wo215i77,rmdv0zae,0
NA,rmdv0zae,NA
we8zkaxp,rmdv0zae,-1
8qy1knb8,rmdv0zae,1
469aazzl,rmdv0zae,-1
vnnwzoon,rmdv0zae,-1
kffjpkwm,rmdv0zae,-1
y68rafkq,rmdv0zae,0
cg5akdum,rmdv0zae,NA
39grl1tb,rmdv0zae,-1
cl6iwdzj,rmdv0zae,NA
fyzi3ukn,rmdv0zae,-1
lvtt31qo,rmdv0zae,-1
yyx7zv50,rmdv0zae,-1
e1h602xs,rmdv0zae,-1
guoa029e,rmdv0zae,-1
xxkx1e1g,rmdv0zae,-1
ezfvh1yd,rmdv0zae,0
zan8z6cj,rmdv0zae,-1
isrmkgxn,rmdv0zae,1
9g3466ce,rmdv0zae,1
ctvn5bcc,rmdv0zae,1
b98i0q0c,rmdv0zae,NA
NA,rmdv0zae,NA
rmdv0zae,rmdv0zae,1
5y5w27n8,rmdv0zae,-1
b98i0q0c,rmdv0zae,NA
e442rd3v,rmdv0zae,0
gcfrvnrq,rmdv0zae,NA
9njhgqjt,rmdv0zae,NA
b8h8uy0d,rmdv0zae,NA
8qkm4op5,rmdv0zae,-1
NA,rmdv0zae,NA
qtd4nwnf,rmdv0zae,1
tpx46qea,rmdv0zae,-1
js5eao29,rmdv0zae,1
pv34xizl,rmdv0zae,1
zo8vfvom,rmdv0zae,-1
nxb120ab,rmdv0zae,0
ywj7r6yv,rmdv0zae,0
ky74qsy5,rmdv0zae,-1
u6iy9n7v,rmdv0zae,-1
ttgp5d1q,rmdv0zae,0
rsqgxgj7,rmdv0zae,0
23mbj83y,rmdv0zae,-1
100,rmdv0zae,0
w76lz2ap,rmdv0zae,1
fake0,9njhgqjt,NA
NA,9njhgqjt,NA
fake,9njhgqjt,NA
ny7i65xf,9njhgqjt,-1
0ty8p249,9njhgqjt,-1
wo215i77,9njhgqjt,1
NA,9njhgqjt,NA
we8zkaxp,9njhgqjt,-1
8qy1knb8,9njhgqjt,0
469aazzl,9njhgqjt,-1
vnnwzoon,9njhgqjt,1
kffjpkwm,9njhgqjt,-1
y68rafkq,9njhgqjt,1
cg5akdum,9njhgqjt,NA
39grl1tb,9njhgqjt,-1
cl6iwdzj,9njhgqjt,NA
fyzi3ukn,9njhgqjt,-1
lvtt31qo,9njhgqjt,-1
yyx7zv50,9njhgqjt,-1
e1h602xs,9njhgqjt,-1
guoa029e,9njhgqjt,-1
xxkx1e1g,9njhgqjt,-1
ezfvh1yd,9njhgqjt,1
zan8z6cj,9njhgqjt,0
isrmkgxn,9njhgqjt,1
9g3466ce,9njhgqjt,1
ctvn5bcc,9njhgqjt,1
b98i0q0c,9njhgqjt,NA
NA,9njhgqjt,NA
rmdv0zae,9njhgqjt,1
5y5w27n8,9njhgqjt,-1
b98i0q0c,9njhgqjt,NA
e442rd3v,9njhgqjt,0
gcfrvnrq,9njhgqjt,NA
9njhgqjt,9njhgqjt,NA
b8h8uy0d,9njhgqjt,1
8qkm4op5,9njhgqjt,1
NA,9njhgqjt,NA
qtd4nwnf,9njhgqjt,1
tpx46qea,9njhgqjt,-1
js5eao29,9njhgqjt,0
pv34xizl,9njhgqjt,-1
zo8vfvom,9njhgqjt,-1
nxb120ab,9njhgqjt,1
ywj7r6yv,9njhgqjt,0
ky74qsy5,9njhgqjt,0
u6iy9n7v,9njhgqjt,-1
ttgp5d1q,9njhgqjt,-1
rsqgxgj7,9njhgqjt,1
23mbj83y,9njhgqjt,1
100,9njhgqjt,0
w76lz2ap,9njhgqjt,-1
fake0,fyzi3ukn,NA
NA,fyzi3ukn,NA
fake,fyzi3ukn,NA
ny7i65xf,fyzi3ukn,-1
0ty8p249,fyzi3ukn,1
wo215i77,fyzi3ukn,1
NA,fyzi3ukn,NA
we8zkaxp,fyzi3ukn,0
8qy1knb8,fyzi3ukn,-1
469aazzl,fyzi3ukn,-1
vnnwzoon,fyzi3ukn,-1
kffjpkwm,fyzi3ukn,0
y68rafkq,fyzi3ukn,-1
cg5akdum,fyzi3ukn,NA
39grl1tb,fyzi3ukn,1
cl6iwdzj,fyzi3ukn,NA
fyzi3ukn,fyzi3ukn,1
lvtt31qo,fyzi3ukn,1
yyx7zv50,fyzi3ukn,1
e1h602xs,fyzi3ukn,-1
guoa029e,fyzi3ukn,-1
xxkx1e1g,fyzi3ukn,0
ezfvh1yd,fyzi3ukn,-1
zan8z6cj,fyzi3ukn,1
isrmkgxn,fyzi3ukn,-1
9g3466ce,fyzi3ukn,0
ctvn5bcc,fyzi3ukn,-1
b98i0q0c,fyzi3ukn,NA
NA,fyzi3ukn,NA
rmdv0zae,fyzi3ukn,-1
5y5w27n8,fyzi3ukn,0
b98i0q0c,fyzi3ukn,NA
e442rd3v,fyzi3ukn,0
gcfrvnrq,fyzi3ukn,NA
9njhgqjt,fyzi3ukn,NA
b8h8uy0d,fyzi3ukn,NA
8qkm4op5,fyzi3ukn,-1
NA,fyzi3ukn,NA
qtd4nwnf,fyzi3ukn,-1
tpx46qea,fyzi3ukn,-1
js5eao29,fyzi3ukn,0
pv34xizl,fyzi3ukn,0
zo8vfvom,fyzi3ukn,1
nxb120ab,fyzi3ukn,-1
ywj7r6yv,fyzi3ukn,0
ky74qsy5,fyzi3ukn,1
u6iy9n7v,fyzi3ukn,-1
ttgp5d1q,fyzi3ukn,1
rsqgxgj7,fyzi3ukn,1
23mbj83y,fyzi3ukn,1
100,fyzi3ukn,0
w76lz2ap,fyzi3ukn,1
fake0,gcfrvnrq,NA
NA,gcfrvnrq,NA
fake,gcfrvnrq,NA
ny7i65xf,gcfrvnrq,0
0ty8p249,gcfrvnrq,0
wo215i77,gcfrvnrq,1
NA,gcfrvnrq,NA
we8zkaxp,gcfrvnrq,0
8qy1knb8,gcfrvnrq,1
469aazzl,gcfrvnrq,0
vnnwzoon,gcfrvnrq,1
kffjpkwm,gcfrvnrq,1
y68rafkq,gcfrvnrq,1
cg5akdum,gcfrvnrq,NA
39grl1tb,gcfrvnrq,1
cl6iwdzj,gcfrvnrq,NA
fyzi3ukn,gcfrvnrq,1
lvtt31qo,gcfrvnrq,0
yyx7zv50,gcfrvnrq,-1
e1h602xs,gcfrvnrq,-1
guoa029e,gcfrvnrq,0
xxkx1e1g,gcfrvnrq,0
ezfvh1yd,gcfrvnrq,-1
zan8z6cj,gcfrvnrq,1
isrmkgxn,gcfrvnrq,0
9g3466ce,gcfrvnrq,1
ctvn5bcc,gcfrvnrq,-1
b98i0q0c,gcfrvnrq,NA
NA,gcfrvnrq,NA
rmdv0zae,gcfrvnrq,1
5y5w27n8,gcfrvnrq,-1
b98i0q0c,gcfrvnrq,NA
e442rd3v,gcfrvnrq,0
gcfrvnrq,gcfrvnrq,NA
9njhgqjt,gcfrvnrq,NA
b8h8uy0d,gcfrvnrq,-1
8qkm4op5,gcfrvnrq,1
NA,gcfrvnrq,NA
qtd4nwnf,gcfrvnrq,1
tpx46qea,gcfrvnrq,-1
js5eao29,gcfrvnrq,1
pv34xizl,gcfrvnrq,1
zo8vfvom,gcfrvnrq,1
nxb120ab,gcfrvnrq,1
ywj7r6yv,gcfrvnrq,0
ky74qsy5,gcfrvnrq,1
u6iy9n7v,gcfrvnrq,-1
ttgp5d1q,gcfrvnrq,1
rsqgxgj7,gcfrvnrq,1
23mbj83y,gcfrvnrq,1
100,gcfrvnrq,1
w76lz2ap,gcfrvnrq,1
fake0,y68rafkq,NA
NA,y68rafkq,NA
fake,y68rafkq,NA
ny7i65xf,y68rafkq,-1
0ty8p249,y68rafkq,-1
wo215i77,y68rafkq,-1
NA,y68rafkq,NA
we8zkaxp,y68rafkq,-1
8qy1knb8,y68rafkq,1
469aazzl,y68rafkq,-1
vnnwzoon,y68rafkq,1
kffjpkwm,y68rafkq,-1
y68rafkq,y68rafkq,1
cg5akdum,y68rafkq,NA
39grl1tb,y68rafkq,-1
cl6iwdzj,y68rafkq,NA
fyzi3ukn,y68rafkq,0
lvtt31qo,y68rafkq,-1
yyx7zv50,y68rafkq,-1
e1h602xs,y68rafkq,-1
guoa029e,y68rafkq,0
xxkx1e1g,y68rafkq,-1
ezfvh1yd,y68rafkq,1
zan8z6cj,y68rafkq,0
isrmkgxn,y68rafkq,1
9g3466ce,y68rafkq,1
ctvn5bcc,y68rafkq,-1
b98i0q0c,y68rafkq,NA
NA,y68rafkq,NA
rmdv0zae,y68rafkq,0
5y5w27n8,y68rafkq,0
b98i0q0c,y68rafkq,NA
e442rd3v,y68rafkq,0
gcfrvnrq,y68rafkq,NA
9njhgqjt,y68rafkq,NA
b8h8uy0d,y68rafkq,1
8qkm4op5,y68rafkq,1
NA,y68rafkq,NA
qtd4nwnf,y68rafkq,1
tpx46qea,y68rafkq,-1
js5eao29,y68rafkq,0
pv34xizl,y68rafkq,0
zo8vfvom,y68rafkq,0
nxb120ab,y68rafkq,1
ywj7r6yv,y68rafkq,0
ky74qsy5,y68rafkq,-1
u6iy9n7v,y68rafkq,0
ttgp5d1q,y68rafkq,0
rsqgxgj7,y68rafkq,1
23mbj83y,y68rafkq,-1
100,y68rafkq,0
w76lz2ap,y68rafkq,1
fake0,cl6iwdzj,NA
NA,cl6iwdzj,NA
fake,cl6iwdzj,NA
ny7i65xf,cl6iwdzj,0
0ty8p249,cl6iwdzj,1
wo215i77,cl6iwdzj,1
NA,cl6iwdzj,NA
we8zkaxp,cl6iwdzj,1
8qy1knb8,cl6iwdzj,-1
469aazzl,cl6iwdzj,-1
vnnwzoon,cl6iwdzj,-1
kffjpkwm,cl6iwdzj,1
y68rafkq,cl6iwdzj,-1
cg5akdum,cl6iwdzj,NA
39grl1tb,cl6iwdzj,1
cl6iwdzj,cl6iwdzj,NA
fyzi3ukn,cl6iwdzj,1
lvtt31qo,cl6iwdzj,-1
yyx7zv50,cl6iwdzj,1
e1h602xs,cl6iwdzj,1
guoa029e,cl6iwdzj,-1
xxkx1e1g,cl6iwdzj,1
ezfvh1yd,cl6iwdzj,-1
zan8z6cj,cl6iwdzj,-1
isrmkgxn,cl6iwdzj,-1
9g3466ce,cl6iwdzj,-1
ctvn5bcc,cl6iwdzj,1
b98i0q0c,cl6iwdzj,NA
NA,cl6iwdzj,NA
rmdv0zae,cl6iwdzj,-1
5y5w27n8,cl6iwdzj,0
b98i0q0c,cl6iwdzj,NA
e442rd3v,cl6iwdzj,0
gcfrvnrq,cl6iwdzj,NA
9njhgqjt,cl6iwdzj,NA
b8h8uy0d,cl6iwdzj,NA
8qkm4op5,cl6iwdzj,-1
NA,cl6iwdzj,NA
qtd4nwnf,cl6iwdzj,-1
tpx46qea,cl6iwdzj,-1
js5eao29,cl6iwdzj,0
pv34xizl,cl6iwdzj,-1
zo8vfvom,cl6iwdzj,1
nxb120ab,cl6iwdzj,0
ywj7r6yv,cl6iwdzj,0
ky74qsy5,cl6iwdzj,0
u6iy9n7v,cl6iwdzj,-1
ttgp5d1q,cl6iwdzj,0
rsqgxgj7,cl6iwdzj,-1
23mbj83y,cl6iwdzj,-1
100,cl6iwdzj,0
w76lz2ap,cl6iwdzj,0
fake0,5y5w27n8,NA
NA,5y5w27n8,NA
fake,5y5w27n8,NA
ny7i65xf,5y5w27n8,0
0ty8p249,5y5w27n8,1
wo215i77,5y5w27n8,1
NA,5y5w27n8,NA
we8zkaxp,5y5w27n8,1
8qy1knb8,5y5w27n8,-1
469aazzl,5y5w27n8,-1
vnnwzoon,5y5w27n8,-1
kffjpkwm,5y5w27n8,1
y68rafkq,5y5w27n8,-1
cg5akdum,5y5w27n8,NA
39grl1tb,5y5w27n8,1
cl6iwdzj,5y5w27n8,NA
fyzi3ukn,5y5w27n8,1
lvtt31qo,5y5w27n8,-1
yyx7zv50,5y5w27n8,-1
e1h602xs,5y5w27n8,0
guoa029e,5y5w27n8,-1
xxkx1e1g,5y5w27n8,1
ezfvh1yd,5y5w27n8,1
zan8z6cj,5y5w27n8,0
isrmkgxn,5y5w27n8,-1
9g3466ce,5y5w27n8,0
ctvn5bcc,5y5w27n8,1
b98i0q0c,5y5w27n8,NA
NA,5y5w27n8,NA
rmdv0zae,5y5w27n8,-1
5y5w27n8,5y5w27n8,NA
b98i0q0c,5y5w27n8,NA
e442rd3v,5y5w27n8,0
gcfrvnrq,5y5w27n8,NA
9njhgqjt,5y5w27n8,NA
b8h8uy0d,5y5w27n8,NA
8qkm4op5,5y5w27n8,1
NA,5y5w27n8,NA
qtd4nwnf,5y5w27n8,-1
tpx46qea,5y5w27n8,1
js5eao29,5y5w27n8,0
pv34xizl,5y5w27n8,0
zo8vfvom,5y5w27n8,1
nxb120ab,5y5w27n8,0
ywj7r6yv,5y5w27n8,0
ky74qsy5,5y5w27n8,0
u6iy9n7v,5y5w27n8,-1
ttgp5d1q,5y5w27n8,-1
rsqgxgj7,5y5w27n8,-1
23mbj83y,5y5w27n8,1
100,5y5w27n8,0
w76lz2ap,5y5w27n8,1
fake0,vnnwzoon,NA
NA,vnnwzoon,NA
fake,vnnwzoon,NA
ny7i65xf,vnnwzoon,-1
0ty8p249,vnnwzoon,1
wo215i77,vnnwzoon,0
NA,vnnwzoon,NA
we8zkaxp,vnnwzoon,0
8qy1knb8,vnnwzoon,1
469aazzl,vnnwzoon,1
vnnwzoon,vnnwzoon,1
kffjpkwm,vnnwzoon,0
y68rafkq,vnnwzoon,1
cg5akdum,vnnwzoon,NA
39grl1tb,vnnwzoon,0
cl6iwdzj,vnnwzoon,NA
fyzi3ukn,vnnwzoon,-1
lvtt31qo,vnnwzoon,-1
yyx7zv50,vnnwzoon,-1
e1h602xs,vnnwzoon,-1
guoa029e,vnnwzoon,1
xxkx1e1g,vnnwzoon,0
ezfvh1yd,vnnwzoon,1
zan8z6cj,vnnwzoon,1
isrmkgxn,vnnwzoon,1
9g3466ce,vnnwzoon,1
ctvn5bcc,vnnwzoon,-1
b98i0q0c,vnnwzoon,NA
NA,vnnwzoon,NA
rmdv0zae,vnnwzoon,0
5y5w27n8,vnnwzoon,1
b98i0q0c,vnnwzoon,NA
e442rd3v,vnnwzoon,0
gcfrvnrq,vnnwzoon,NA
9njhgqjt,vnnwzoon,NA
b8h8uy0d,vnnwzoon,NA
8qkm4op5,vnnwzoon,1
NA,vnnwzoon,NA
qtd4nwnf,vnnwzoon,1
tpx46qea,vnnwzoon,-1
js5eao29,vnnwzoon,1
pv34xizl,vnnwzoon,1
zo8vfvom,vnnwzoon,1
nxb120ab,vnnwzoon,1
ywj7r6yv,vnnwzoon,0
ky74qsy5,vnnwzoon,-1
u6iy9n7v,vnnwzoon,-1
ttgp5d1q,vnnwzoon,1
rsqgxgj7,vnnwzoon,1
23mbj83y,vnnwzoon,-1
100,vnnwzoon,0
w76lz2ap,vnnwzoon,1
fake0,pv34xizl,NA
NA,pv34xizl,NA
fake,pv34xizl,NA
ny7i65xf,pv34xizl,-1
0ty8p249,pv34xizl,1
wo215i77,pv34xizl,0
NA,pv34xizl,NA
we8zkaxp,pv34xizl,-1
8qy1knb8,pv34xizl,0
469aazzl,pv34xizl,0
vnnwzoon,pv34xizl,0
kffjpkwm,pv34xizl,0
y68rafkq,pv34xizl,-1
cg5akdum,pv34xizl,NA
39grl1tb,pv34xizl,0
cl6iwdzj,pv34xizl,NA
fyzi3ukn,pv34xizl,0
lvtt31qo,pv34xizl,0
yyx7zv50,pv34xizl,-1
e1h602xs,pv34xizl,-1
guoa029e,pv34xizl,0
xxkx1e1g,pv34xizl,0
ezfvh1yd,pv34xizl,-1
zan8z6cj,pv34xizl,1
isrmkgxn,pv34xizl,0
9g3466ce,pv34xizl,1
ctvn5bcc,pv34xizl,0
b98i0q0c,pv34xizl,NA
NA,pv34xizl,NA
rmdv0zae,pv34xizl,1
5y5w27n8,pv34xizl,0
b98i0q0c,pv34xizl,NA
e442rd3v,pv34xizl,0
gcfrvnrq,pv34xizl,NA
9njhgqjt,pv34xizl,NA
b8h8uy0d,pv34xizl,NA
8qkm4op5,pv34xizl,1
NA,pv34xizl,NA
qtd4nwnf,pv34xizl,-1
tpx46qea,pv34xizl,-1
js5eao29,pv34xizl,1
pv34xizl,pv34xizl,1
zo8vfvom,pv34xizl,1
nxb120ab,pv34xizl,0
ywj7r6yv,pv34xizl,0
ky74qsy5,pv34xizl,0
u6iy9n7v,pv34xizl,-1
ttgp5d1q,pv34xizl,1
rsqgxgj7,pv34xizl,1
23mbj83y,pv34xizl,-1
100,pv34xizl,1
w76lz2ap,pv34xizl,1
fake0,8qy1knb8,NA
NA,8qy1knb8,NA
fake,8qy1knb8,NA
ny7i65xf,8qy1knb8,0
0ty8p249,8qy1knb8,1
wo215i77,8qy1knb8,1
NA,8qy1knb8,NA
we8zkaxp,8qy1knb8,0
8qy1knb8,8qy1knb8,NA
469aazzl,8qy1knb8,1
vnnwzoon,8qy1knb8,1
kffjpkwm,8qy1knb8,1
y68rafkq,8qy1knb8,-1
cg5akdum,8qy1knb8,NA
39grl1tb,8qy1knb8,1
cl6iwdzj,8qy1knb8,NA
fyzi3ukn,8qy1knb8,-1
lvtt31qo,8qy1knb8,-1
yyx7zv50,8qy1knb8,1
e1h602xs,8qy1knb8,1
guoa029e,8qy1knb8,1
xxkx1e1g,8qy1knb8,1
ezfvh1yd,8qy1knb8,-1
zan8z6cj,8qy1knb8,0
isrmkgxn,8qy1knb8,-1
9g3466ce,8qy1knb8,-1
ctvn5bcc,8qy1knb8,1
b98i0q0c,8qy1knb8,NA
NA,8qy1knb8,NA
rmdv0zae,8qy1knb8,0
5y5w27n8,8qy1knb8,0
b98i0q0c,8qy1knb8,NA
e442rd3v,8qy1knb8,0
gcfrvnrq,8qy1knb8,NA
9njhgqjt,8qy1knb8,NA
b8h8uy0d,8qy1knb8,NA
8qkm4op5,8qy1knb8,0
NA,8qy1knb8,NA
qtd4nwnf,8qy1knb8,1
tpx46qea,8qy1knb8,-1
js5eao29,8qy1knb8,1
pv34xizl,8qy1knb8,0
zo8vfvom,8qy1knb8,-1
nxb120ab,8qy1knb8,-1
ywj7r6yv,8qy1knb8,0
ky74qsy5,8qy1knb8,0
u6iy9n7v,8qy1knb8,-1
ttgp5d1q,8qy1knb8,-1
rsqgxgj7,8qy1knb8,1
23mbj83y,8qy1knb8,1
100,8qy1knb8,0
w76lz2ap,8qy1knb8,1
fake0,o42b386c,NA
NA,o42b386c,NA
fake,o42b386c,NA
ny7i65xf,o42b386c,-1
0ty8p249,o42b386c,-1
wo215i77,o42b386c,0
NA,o42b386c,NA
we8zkaxp,o42b386c,-1
8qy1knb8,o42b386c,NA
469aazzl,o42b386c,0
vnnwzoon,o42b386c,-1
kffjpkwm,o42b386c,-1
y68rafkq,o42b386c,-1
cg5akdum,o42b386c,NA
39grl1tb,o42b386c,0
cl6iwdzj,o42b386c,NA
fyzi3ukn,o42b386c,-1
lvtt31qo,o42b386c,0
yyx7zv50,o42b386c,-1
e1h602xs,o42b386c,-1
guoa029e,o42b386c,-1
xxkx1e1g,o42b386c,-1
ezfvh1yd,o42b386c,-1
zan8z6cj,o42b386c,1
isrmkgxn,o42b386c,-1
9g3466ce,o42b386c,-1
ctvn5bcc,o42b386c,1
b98i0q0c,o42b386c,NA
NA,o42b386c,NA
rmdv0zae,o42b386c,-1
5y5w27n8,o42b386c,0
b98i0q0c,o42b386c,NA
e442rd3v,o42b386c,1
gcfrvnrq,o42b386c,NA
9njhgqjt,o42b386c,NA
b8h8uy0d,o42b386c,NA
8qkm4op5,o42b386c,0
NA,o42b386c,NA
qtd4nwnf,o42b386c,-1
tpx46qea,o42b386c,-1
js5eao29,o42b386c,1
pv34xizl,o42b386c,-1
zo8vfvom,o42b386c,-1
nxb120ab,o42b386c,0
ywj7r6yv,o42b386c,0
ky74qsy5,o42b386c,0
u6iy9n7v,o42b386c,-1
ttgp5d1q,o42b386c,-1
rsqgxgj7,o42b386c,-1
23mbj83y,o42b386c,-1
100,o42b386c,0
w76lz2ap,o42b386c,0
fake0,lvtt31qo,NA
NA,lvtt31qo,NA
fake,lvtt31qo,NA
ny7i65xf,lvtt31qo,-1
0ty8p249,lvtt31qo,1
wo215i77,lvtt31qo,1
NA,lvtt31qo,NA
we8zkaxp,lvtt31qo,0
8qy1knb8,lvtt31qo,NA
469aazzl,lvtt31qo,0
vnnwzoon,lvtt31qo,0
kffjpkwm,lvtt31qo,1
y68rafkq,lvtt31qo,-1
cg5akdum,lvtt31qo,NA
39grl1tb,lvtt31qo,1
cl6iwdzj,lvtt31qo,NA
fyzi3ukn,lvtt31qo,1
lvtt31qo,lvtt31qo,1
yyx7zv50,lvtt31qo,-1
e1h602xs,lvtt31qo,-1
guoa029e,lvtt31qo,-1
xxkx1e1g,lvtt31qo,0
ezfvh1yd,lvtt31qo,-1
zan8z6cj,lvtt31qo,1
isrmkgxn,lvtt31qo,0
9g3466ce,lvtt31qo,0
ctvn5bcc,lvtt31qo,1
b98i0q0c,lvtt31qo,NA
NA,lvtt31qo,NA
rmdv0zae,lvtt31qo,-1
5y5w27n8,lvtt31qo,0
b98i0q0c,lvtt31qo,NA
e442rd3v,lvtt31qo,0
gcfrvnrq,lvtt31qo,NA
9njhgqjt,lvtt31qo,NA
b8h8uy0d,lvtt31qo,NA
8qkm4op5,lvtt31qo,1
NA,lvtt31qo,NA
qtd4nwnf,lvtt31qo,-1
tpx46qea,lvtt31qo,1
js5eao29,lvtt31qo,1
pv34xizl,lvtt31qo,1
zo8vfvom,lvtt31qo,-1
nxb120ab,lvtt31qo,0
ywj7r6yv,lvtt31qo,0
ky74qsy5,lvtt31qo,0
u6iy9n7v,lvtt31qo,-1
ttgp5d1q,lvtt31qo,-1
rsqgxgj7,lvtt31qo,1
23mbj83y,lvtt31qo,1
100,lvtt31qo,0
w76lz2ap,lvtt31qo,0
